Date,Open,High,Low,Close,Adj Close,Volume,foreign_buy,foreign_sell,investment_trust_buy,investment_trust_sell,self_buy,self_sell
2020-01-02,61.400001525878906,62.79999923706055,60.59999847412109,62.59999847412109,55.48305130004883,2924000,0.0,0.0,0.0,0.0,0.0,0.0
2020-01-03,64.5,68.80000305175781,64.5,65.69999694824219,58.230613708496094,14068995,0.0,0.0,0.0,0.0,0.0,0.0
2020-01-06,65.80000305175781,67.4000015258789,64.80000305175781,66.0,58.49650573730469,4910000,0.0,0.0,0.0,0.0,0.0,0.0
2020-01-07,64.5999984741211,64.5999984741211,59.5,59.5,52.73548889160156,6342000,0.0,0.0,0.0,0.0,0.0,0.0
2020-01-08,59.09999847412109,59.20000076293945,57.5,57.59999847412109,51.05149841308594,2391000,0.0,0.0,0.0,0.0,0.0,0.0
2020-01-09,58.400001525878906,59.5,58.400001525878906,59.29999923706055,52.558223724365234,2012000,0.0,0.0,0.0,0.0,0.0,0.0
2020-01-10,59.29999923706055,59.29999923706055,57.0,57.0,50.51971435546875,2271000,0.0,0.0,0.0,0.0,0.0,0.0
2020-01-13,57.29999923706055,58.0,56.400001525878906,57.900001525878906,51.31739044189453,1416000,0.0,0.0,0.0,0.0,0.0,0.0
2020-01-14,57.900001525878906,58.400001525878906,57.5,58.0,51.40602111816406,1015000,0.0,0.0,0.0,0.0,0.0,0.0
2020-01-15,58.0,58.09999847412109,57.59999847412109,57.79999923706055,51.228759765625,678000,0.0,0.0,0.0,0.0,0.0,0.0
2020-01-16,58.09999847412109,60.5,58.09999847412109,59.59999847412109,52.82411956787109,2674000,0.0,0.0,0.0,0.0,0.0,0.0
2020-01-17,59.59999847412109,60.59999847412109,59.0,59.29999923706055,52.558223724365234,1274103,0.0,0.0,0.0,0.0,0.0,0.0
2020-01-20,59.59999847412109,59.70000076293945,58.70000076293945,58.70000076293945,52.02643966674805,963796,0.0,0.0,0.0,0.0,0.0,0.0
2020-01-30,53.79999923706055,55.400001525878906,52.900001525878906,52.900001525878906,46.88583755493164,1824000,0.0,0.0,0.0,0.0,0.0,0.0
2020-01-31,53.0,53.79999923706055,51.29999923706055,52.900001525878906,46.88583755493164,1165232,0.0,0.0,0.0,0.0,0.0,0.0
2020-02-03,50.70000076293945,51.400001525878906,49.150001525878906,50.5,44.75868988037109,1591000,0.0,0.0,0.0,0.0,0.0,0.0
2020-02-04,51.20000076293945,52.29999923706055,50.900001525878906,51.900001525878906,45.99952697753906,886000,0.0,0.0,0.0,0.0,0.0,0.0
2020-02-05,53.0,53.70000076293945,52.70000076293945,52.79999923706055,46.79720687866211,1446000,0.0,0.0,0.0,0.0,0.0,0.0
2020-02-06,53.20000076293945,54.5,53.20000076293945,54.400001525878906,48.21530532836914,1149000,0.0,0.0,0.0,0.0,0.0,0.0
2020-02-07,55.400001525878906,57.0,54.400001525878906,54.400001525878906,48.21530532836914,3124576,0.0,0.0,0.0,0.0,0.0,0.0
2020-02-10,53.59999847412109,55.400001525878906,53.09999847412109,54.70000076293945,48.48119735717773,1210180,0.0,0.0,0.0,0.0,0.0,0.0
2020-02-11,55.29999923706055,57.29999923706055,54.900001525878906,57.29999923706055,50.78560256958008,3318000,0.0,0.0,0.0,0.0,0.0,0.0
2020-02-12,57.5,57.900001525878906,56.5,57.0,50.51971435546875,2360000,0.0,0.0,0.0,0.0,0.0,0.0
2020-02-13,57.59999847412109,57.70000076293945,56.09999847412109,56.09999847412109,49.72203063964844,1581000,0.0,0.0,0.0,0.0,0.0,0.0
2020-02-14,56.5,57.29999923706055,56.29999923706055,56.70000076293945,50.25381851196289,778412,0.0,0.0,0.0,0.0,0.0,0.0
2020-02-17,56.29999923706055,57.5,56.09999847412109,56.70000076293945,50.25381851196289,783000,0.0,0.0,0.0,0.0,0.0,0.0
2020-02-18,56.900001525878906,58.900001525878906,56.900001525878906,57.70000076293945,51.14012908935547,2113000,0.0,0.0,0.0,0.0,0.0,0.0
2020-02-19,57.70000076293945,58.5,57.20000076293945,58.0,51.40602111816406,1318000,0.0,0.0,0.0,0.0,0.0,0.0
2020-02-20,59.5,59.59999847412109,58.400001525878906,58.79999923706055,52.11507034301758,1726000,0.0,0.0,0.0,0.0,0.0,0.0
2020-02-21,58.5,58.70000076293945,57.70000076293945,57.79999923706055,51.228759765625,1019762,0.0,0.0,0.0,0.0,0.0,0.0
2020-02-24,57.20000076293945,57.29999923706055,56.20000076293945,56.79999923706055,50.34244918823242,1006000,0.0,0.0,0.0,0.0,0.0,0.0
2020-02-25,55.70000076293945,57.59999847412109,55.5,56.79999923706055,50.34244918823242,1076000,0.0,0.0,0.0,0.0,0.0,0.0
2020-02-26,56.20000076293945,57.20000076293945,56.20000076293945,56.5,50.07655715942383,541000,0.0,0.0,0.0,0.0,0.0,0.0
2020-02-27,57.29999923706055,57.400001525878906,54.5,54.5,48.30393600463867,1476000,0.0,0.0,0.0,0.0,0.0,0.0
2020-03-02,53.20000076293945,54.79999923706055,53.20000076293945,53.79999923706055,47.68351364135742,1137000,0.0,0.0,0.0,0.0,0.0,0.0
2020-03-03,55.5,57.09999847412109,55.400001525878906,56.70000076293945,50.25381851196289,1706000,0.0,0.0,0.0,0.0,0.0,0.0
2020-03-04,56.5,56.70000076293945,55.70000076293945,56.09999847412109,49.72203063964844,797000,0.0,0.0,0.0,0.0,0.0,0.0
2020-03-05,56.900001525878906,58.400001525878906,56.79999923706055,58.29999923706055,51.67191696166992,1764000,0.0,0.0,0.0,0.0,0.0,0.0
2020-03-06,56.400001525878906,57.0,55.79999923706055,55.900001525878906,49.54477310180664,1960000,0.0,0.0,0.0,0.0,0.0,0.0
2020-03-09,55.900001525878906,55.900001525878906,55.900001525878906,55.900001525878906,49.54477310180664,0,0.0,0.0,0.0,0.0,0.0,0.0
2020-03-10,50.400001525878906,53.70000076293945,50.400001525878906,53.70000076293945,47.59488677978516,923000,0.0,0.0,0.0,0.0,0.0,0.0
2020-03-11,54.0,54.400001525878906,51.5,51.59999847412109,45.7336311340332,1215000,0.0,0.0,0.0,0.0,0.0,0.0
2020-03-12,51.900001525878906,51.900001525878906,49.09999847412109,49.70000076293945,44.04964447021485,1361000,0.0,0.0,0.0,0.0,0.0,0.0
2020-03-13,49.70000076293945,49.70000076293945,49.70000076293945,49.70000076293945,44.04964447021485,0,0.0,0.0,0.0,0.0,0.0,0.0
2020-03-16,48.0,48.25,44.400001525878906,44.5,39.440826416015625,941000,0.0,0.0,0.0,0.0,0.0,0.0
2020-03-17,42.95000076293945,44.900001525878906,42.84999847412109,43.79999923706055,38.82040786743164,573000,0.0,0.0,0.0,0.0,0.0,0.0
2020-03-18,44.25,44.70000076293945,42.0,42.09999847412109,37.31367874145508,685000,0.0,0.0,0.0,0.0,0.0,0.0
2020-03-19,41.34999847412109,41.59999847412109,37.900001525878906,38.0,33.6798095703125,1543000,0.0,0.0,0.0,0.0,0.0,0.0
2020-03-20,39.900001525878906,41.79999923706055,39.900001525878906,41.79999923706055,37.04778671264648,853000,0.0,0.0,0.0,0.0,0.0,0.0
2020-03-23,41.0,41.0,39.150001525878906,40.20000076293945,35.62969207763672,553000,0.0,0.0,0.0,0.0,0.0,0.0
2020-03-24,41.75,43.25,41.75,42.25,37.44662857055664,606000,0.0,0.0,0.0,0.0,0.0,0.0
2020-03-25,44.20000076293945,45.20000076293945,44.0,44.0,38.99767303466797,924000,0.0,0.0,0.0,0.0,0.0,0.0
2020-03-26,44.0,44.5,42.900001525878906,44.45000076293945,39.39651107788086,522000,0.0,0.0,0.0,0.0,0.0,0.0
2020-03-27,45.79999923706055,45.95000076293945,44.09999847412109,44.25,39.2192497253418,700000,0.0,0.0,0.0,0.0,0.0,0.0
2020-03-30,43.09999847412109,44.400001525878906,42.84999847412109,44.400001525878906,39.352195739746094,313000,0.0,0.0,0.0,0.0,0.0,0.0
2020-03-31,45.25,45.5,44.29999923706055,44.400001525878906,39.352195739746094,412000,0.0,0.0,0.0,0.0,0.0,0.0
2020-04-01,44.0,44.5,43.54999923706055,44.400001525878906,39.352195739746094,484000,0.0,0.0,0.0,0.0,0.0,0.0
2020-04-06,45.20000076293945,45.25,44.0,45.150001525878906,40.01692962646485,484000,0.0,0.0,0.0,0.0,0.0,0.0
2020-04-07,46.20000076293945,48.20000076293945,46.0,47.04999923706055,41.7009162902832,1253000,0.0,0.0,0.0,0.0,0.0,0.0
2020-04-08,47.75,48.75,47.150001525878906,48.45000076293945,42.94175720214844,817000,0.0,0.0,0.0,0.0,0.0,0.0
2020-04-09,48.5,48.84999847412109,47.54999923706055,47.59999847412109,42.18838882446289,764000,0.0,0.0,0.0,0.0,0.0,0.0
2020-04-10,47.79999923706055,48.150001525878906,47.70000076293945,47.79999923706055,42.36565399169922,289000,0.0,0.0,0.0,0.0,0.0,0.0
2020-04-13,48.0,48.0,46.59999847412109,47.25,41.87818145751953,338000,0.0,0.0,0.0,0.0,0.0,0.0
2020-04-14,47.29999923706055,48.400001525878906,47.29999923706055,48.25,42.76449203491211,596000,0.0,0.0,0.0,0.0,0.0,0.0
2020-04-15,48.59999847412109,49.400001525878906,48.45000076293945,49.0,43.42922592163086,710000,0.0,0.0,0.0,0.0,0.0,0.0
2020-04-16,48.59999847412109,50.400001525878906,48.45000076293945,49.650001525878906,44.00532913208008,610000,0.0,0.0,0.0,0.0,0.0,0.0
2020-04-17,51.0,51.0,49.5,50.20000076293945,44.492801666259766,1026000,0.0,0.0,0.0,0.0,0.0,0.0
2020-04-20,50.0,51.0,49.84999847412109,50.70000076293945,44.93595504760742,441000,0.0,0.0,0.0,0.0,0.0,0.0
2020-04-21,50.70000076293945,51.20000076293945,49.20000076293945,49.20000076293945,43.60648727416992,711000,0.0,0.0,0.0,0.0,0.0,0.0
2020-04-22,48.29999923706055,50.400001525878906,48.150001525878906,50.20000076293945,44.492801666259766,486000,0.0,0.0,0.0,0.0,0.0,0.0
2020-04-23,50.79999923706055,51.5,50.400001525878906,50.79999923706055,45.02458572387695,198000,0.0,0.0,0.0,0.0,0.0,0.0
2020-04-24,51.79999923706055,53.29999923706055,51.59999847412109,51.59999847412109,45.7336311340332,2036000,0.0,0.0,0.0,0.0,0.0,0.0
2020-04-27,51.79999923706055,52.20000076293945,51.70000076293945,52.0,46.088157653808594,686000,0.0,0.0,0.0,0.0,0.0,0.0
2020-04-28,52.20000076293945,52.400001525878906,51.59999847412109,52.0,46.088157653808594,598000,0.0,0.0,0.0,0.0,0.0,0.0
2020-04-29,52.400001525878906,52.900001525878906,52.20000076293945,52.59999847412109,46.61994171142578,738000,0.0,0.0,0.0,0.0,0.0,0.0
2020-04-30,53.0,53.5,52.70000076293945,53.20000076293945,47.15172958374024,686000,0.0,0.0,0.0,0.0,0.0,0.0
2020-05-04,52.5,53.400001525878906,52.09999847412109,53.0,46.97446823120117,616000,0.0,0.0,0.0,0.0,0.0,0.0
2020-05-05,53.5,53.70000076293945,52.70000076293945,53.20000076293945,47.15172958374024,374000,0.0,0.0,0.0,0.0,0.0,0.0
2020-05-06,53.0,53.0,52.29999923706055,52.400001525878906,46.442684173583984,634000,0.0,0.0,0.0,0.0,0.0,0.0
2020-05-07,52.900001525878906,54.0,52.5,53.900001525878906,47.77215194702149,749000,0.0,0.0,0.0,0.0,0.0,0.0
2020-05-08,53.900001525878906,54.5,53.5,53.79999923706055,47.68351364135742,460000,0.0,0.0,0.0,0.0,0.0,0.0
2020-05-11,54.20000076293945,54.5,53.900001525878906,54.20000076293945,48.03804016113281,331000,0.0,0.0,0.0,0.0,0.0,0.0
2020-05-12,54.20000076293945,54.79999923706055,53.900001525878906,54.0,47.86077880859375,373000,0.0,0.0,0.0,0.0,0.0,0.0
2020-05-13,53.900001525878906,54.400001525878906,53.79999923706055,54.09999847412109,47.94940948486328,301000,0.0,0.0,0.0,0.0,0.0,0.0
2020-05-14,54.0,54.29999923706055,52.79999923706055,52.900001525878906,46.88583755493164,479000,0.0,0.0,0.0,0.0,0.0,0.0
2020-05-15,53.20000076293945,53.5,51.79999923706055,52.5,46.53131103515625,401000,0.0,0.0,0.0,0.0,0.0,0.0
2020-05-18,52.5,52.79999923706055,52.20000076293945,52.20000076293945,46.26542282104492,305000,0.0,0.0,0.0,0.0,0.0,0.0
2020-05-19,52.79999923706055,53.0,52.400001525878906,52.59999847412109,46.61994171142578,253000,0.0,0.0,0.0,0.0,0.0,0.0
2020-05-20,52.900001525878906,53.5,52.59999847412109,53.20000076293945,47.15172958374024,327000,0.0,0.0,0.0,0.0,0.0,0.0
2020-05-21,53.59999847412109,54.70000076293945,53.5,54.5,48.30393600463867,630000,0.0,0.0,0.0,0.0,0.0,0.0
2020-05-22,54.5,55.0,53.79999923706055,54.0,47.86077880859375,445000,0.0,0.0,0.0,0.0,0.0,0.0
2020-05-25,54.900001525878906,54.900001525878906,53.5,54.09999847412109,47.94940948486328,224000,0.0,0.0,0.0,0.0,0.0,0.0
2020-05-26,54.09999847412109,54.5,53.70000076293945,53.900001525878906,47.77215194702149,219000,0.0,0.0,0.0,0.0,0.0,0.0
2020-05-27,54.29999923706055,54.70000076293945,53.79999923706055,54.400001525878906,48.21530532836914,378000,0.0,0.0,0.0,0.0,0.0,0.0
2020-05-28,54.70000076293945,54.79999923706055,53.70000076293945,53.70000076293945,47.59488677978516,458000,0.0,0.0,0.0,0.0,0.0,0.0
2020-05-29,53.70000076293945,54.20000076293945,53.70000076293945,53.900001525878906,47.77215194702149,216000,0.0,0.0,0.0,0.0,0.0,0.0
2020-06-01,54.400001525878906,55.0,54.29999923706055,54.900001525878906,48.6584587097168,421000,0.0,0.0,0.0,0.0,0.0,0.0
2020-06-02,54.900001525878906,55.59999847412109,54.79999923706055,55.59999847412109,49.27887344360352,615000,0.0,0.0,0.0,0.0,0.0,0.0
2020-06-03,56.09999847412109,56.09999847412109,55.400001525878906,55.59999847412109,49.27887344360352,544000,0.0,0.0,0.0,0.0,0.0,0.0
2020-06-04,55.400001525878906,55.59999847412109,54.900001525878906,55.20000076293945,48.924354553222656,539000,0.0,0.0,0.0,0.0,0.0,0.0
2020-06-05,55.20000076293945,55.79999923706055,55.09999847412109,55.70000076293945,49.36751174926758,309000,0.0,0.0,0.0,0.0,0.0,0.0
2020-06-08,56.09999847412109,56.20000076293945,55.20000076293945,55.20000076293945,48.924354553222656,485000,0.0,0.0,0.0,0.0,0.0,0.0
2020-06-09,55.29999923706055,55.400001525878906,55.09999847412109,55.09999847412109,48.83572006225586,283000,0.0,0.0,0.0,0.0,0.0,0.0
2020-06-10,55.20000076293945,55.400001525878906,54.5,54.5,48.30393600463867,408000,0.0,0.0,0.0,0.0,0.0,0.0
2020-06-11,54.400001525878906,54.70000076293945,53.20000076293945,53.400001525878906,47.32899475097656,488000,0.0,0.0,0.0,0.0,0.0,0.0
2020-06-12,52.09999847412109,53.5,51.5,53.09999847412109,47.0630989074707,587000,0.0,0.0,0.0,0.0,0.0,0.0
2020-06-15,53.70000076293945,54.59999847412109,53.400001525878906,53.70000076293945,47.59488677978516,564000,0.0,0.0,0.0,0.0,0.0,0.0
2020-06-16,54.5,54.900001525878906,54.20000076293945,54.900001525878906,48.6584587097168,470000,0.0,0.0,0.0,0.0,0.0,0.0
2020-06-17,55.20000076293945,55.400001525878906,54.70000076293945,55.0,48.74708938598633,434000,0.0,0.0,0.0,0.0,0.0,0.0
2020-06-18,55.79999923706055,55.79999923706055,54.900001525878906,55.400001525878906,49.10161590576172,672000,0.0,0.0,0.0,0.0,0.0,0.0
2020-06-19,55.70000076293945,55.79999923706055,55.29999923706055,55.400001525878906,49.10161590576172,379000,0.0,0.0,0.0,0.0,0.0,0.0
2020-06-22,55.400001525878906,56.0,55.400001525878906,55.79999923706055,49.45613861083984,408000,0.0,0.0,0.0,0.0,0.0,0.0
2020-06-23,56.0,56.09999847412109,55.59999847412109,55.900001525878906,49.54477310180664,410000,0.0,0.0,0.0,0.0,0.0,0.0
2020-06-24,56.20000076293945,56.20000076293945,55.59999847412109,55.900001525878906,49.54477310180664,413000,0.0,0.0,0.0,0.0,0.0,0.0
2020-06-29,55.900001525878906,56.79999923706055,55.5,56.29999923706055,49.8992919921875,710000,0.0,0.0,0.0,0.0,0.0,0.0
2020-06-30,56.5,57.09999847412109,56.400001525878906,56.79999923706055,50.34244918823242,1154000,0.0,0.0,0.0,0.0,0.0,0.0
2020-07-01,56.79999923706055,57.20000076293945,56.59999847412109,56.900001525878906,50.43107986450195,1581000,0.0,0.0,0.0,0.0,0.0,0.0
2020-07-02,53.900001525878906,54.79999923706055,53.79999923706055,54.5,51.27787399291992,1113000,0.0,0.0,0.0,0.0,0.0,0.0
2020-07-03,54.59999847412109,54.900001525878906,54.09999847412109,54.70000076293945,51.46604919433594,624000,0.0,0.0,0.0,0.0,0.0,0.0
2020-07-06,54.400001525878906,55.0,54.20000076293945,54.5,51.27787399291992,770000,0.0,0.0,0.0,0.0,0.0,0.0
2020-07-07,54.59999847412109,56.09999847412109,54.0,54.70000076293945,51.46604919433594,1056000,0.0,0.0,0.0,0.0,0.0,0.0
2020-07-08,55.20000076293945,55.79999923706055,54.5,54.70000076293945,51.46604919433594,559000,0.0,0.0,0.0,0.0,0.0,0.0
2020-07-09,55.29999923706055,55.59999847412109,55.0,55.0,51.74831008911133,767000,0.0,0.0,0.0,0.0,0.0,0.0
2020-07-10,55.0,55.0,54.09999847412109,54.20000076293945,50.99560928344727,626000,0.0,0.0,0.0,0.0,0.0,0.0
2020-07-13,54.79999923706055,54.900001525878906,54.20000076293945,54.29999923706055,51.08969497680664,342000,0.0,0.0,0.0,0.0,0.0,0.0
2020-07-14,54.29999923706055,54.5,53.70000076293945,53.900001525878906,50.71334838867188,366000,0.0,0.0,0.0,0.0,0.0,0.0
2020-07-15,54.5,54.5,53.400001525878906,53.400001525878906,50.2429084777832,393000,0.0,0.0,0.0,0.0,0.0,0.0
2020-07-16,53.59999847412109,54.0,53.400001525878906,53.79999923706055,50.61925506591797,199000,0.0,0.0,0.0,0.0,0.0,0.0
2020-07-17,53.900001525878906,54.0,52.400001525878906,53.0,49.86655426025391,355000,0.0,0.0,0.0,0.0,0.0,0.0
2020-07-20,52.70000076293945,53.09999847412109,52.0,52.70000076293945,49.58429336547852,342000,0.0,0.0,0.0,0.0,0.0,0.0
2020-07-21,54.900001525878906,55.400001525878906,54.20000076293945,54.400001525878906,51.18378448486328,849000,0.0,0.0,0.0,0.0,0.0,0.0
2020-07-22,54.400001525878906,54.59999847412109,53.900001525878906,54.400001525878906,51.18378448486328,342000,0.0,0.0,0.0,0.0,0.0,0.0
2020-07-23,54.400001525878906,54.59999847412109,54.09999847412109,54.20000076293945,50.99560928344727,153000,0.0,0.0,0.0,0.0,0.0,0.0
2020-07-24,54.09999847412109,54.20000076293945,52.900001525878906,52.900001525878906,49.77246856689453,455000,0.0,0.0,0.0,0.0,0.0,0.0
2020-07-27,52.59999847412109,53.20000076293945,52.20000076293945,52.29999923706055,49.20793914794922,297000,0.0,0.0,0.0,0.0,0.0,0.0
2020-07-28,52.29999923706055,52.900001525878906,52.0,52.0,48.92567443847656,421000,0.0,0.0,0.0,0.0,0.0,0.0
2020-07-29,52.20000076293945,52.79999923706055,51.900001525878906,52.59999847412109,49.49020004272461,204000,0.0,0.0,0.0,0.0,0.0,0.0
2020-07-30,52.79999923706055,53.5,52.59999847412109,53.400001525878906,50.2429084777832,193000,0.0,0.0,0.0,0.0,0.0,0.0
2020-07-31,53.400001525878906,53.900001525878906,53.0,53.400001525878906,50.2429084777832,196000,0.0,0.0,0.0,0.0,0.0,0.0
2020-08-03,53.5,53.79999923706055,53.0,53.0,49.86655426025391,140000,0.0,0.0,0.0,0.0,0.0,0.0
2020-08-04,53.5,54.0,53.20000076293945,53.70000076293945,50.525169372558594,163000,0.0,0.0,0.0,0.0,0.0,0.0
2020-08-05,53.70000076293945,55.0,53.59999847412109,54.59999847412109,51.3719596862793,496000,0.0,0.0,0.0,0.0,0.0,0.0
2020-08-06,55.0,55.400001525878906,54.70000076293945,54.70000076293945,51.46604919433594,588000,0.0,0.0,0.0,0.0,0.0,0.0
2020-08-07,54.79999923706055,54.900001525878906,54.20000076293945,54.20000076293945,50.99560928344727,276000,0.0,0.0,0.0,0.0,0.0,0.0
2020-08-10,54.20000076293945,55.59999847412109,54.20000076293945,54.400001525878906,51.18378448486328,336000,0.0,0.0,0.0,0.0,0.0,0.0
2020-08-11,54.5,54.70000076293945,53.5,53.70000076293945,50.525169372558594,375000,0.0,0.0,0.0,0.0,0.0,0.0
2020-08-12,53.59999847412109,53.59999847412109,53.0,53.29999923706055,50.14881896972656,141000,0.0,0.0,0.0,0.0,0.0,0.0
2020-08-13,53.70000076293945,53.79999923706055,53.29999923706055,53.5,50.33699417114258,120000,0.0,0.0,0.0,0.0,0.0,0.0
2020-08-14,53.400001525878906,53.900001525878906,53.400001525878906,53.70000076293945,50.525169372558594,190000,0.0,0.0,0.0,0.0,0.0,0.0
2020-08-17,53.70000076293945,54.70000076293945,53.70000076293945,54.70000076293945,51.46604919433594,252000,0.0,0.0,0.0,0.0,0.0,0.0
2020-08-18,54.70000076293945,54.70000076293945,54.20000076293945,54.59999847412109,51.3719596862793,255000,0.0,0.0,0.0,0.0,0.0,0.0
2020-08-19,55.400001525878906,55.400001525878906,54.5,54.59999847412109,51.3719596862793,735000,0.0,0.0,0.0,0.0,0.0,0.0
2020-08-20,54.400001525878906,54.59999847412109,51.5,52.29999923706055,49.20793914794922,796000,0.0,0.0,0.0,0.0,0.0,0.0
2020-08-21,52.70000076293945,53.29999923706055,52.59999847412109,52.900001525878906,49.77246856689453,291000,0.0,0.0,0.0,0.0,0.0,0.0
2020-08-24,52.900001525878906,53.0,52.70000076293945,52.79999923706055,49.67837905883789,155000,0.0,0.0,0.0,0.0,0.0,0.0
2020-08-25,53.09999847412109,53.59999847412109,53.0,53.59999847412109,50.43107986450195,272000,0.0,0.0,0.0,0.0,0.0,0.0
2020-08-26,53.29999923706055,53.5,53.29999923706055,53.29999923706055,50.14881896972656,117000,0.0,0.0,0.0,0.0,0.0,0.0
2020-08-27,53.59999847412109,53.59999847412109,52.5,52.900001525878906,49.77246856689453,222000,0.0,0.0,0.0,0.0,0.0,0.0
2020-08-28,53.0,53.5,52.79999923706055,53.20000076293945,50.05472946166992,128000,0.0,0.0,0.0,0.0,0.0,0.0
2020-08-31,53.59999847412109,53.59999847412109,53.09999847412109,53.20000076293945,50.05472946166992,161000,0.0,0.0,0.0,0.0,0.0,0.0
2020-09-01,53.20000076293945,53.29999923706055,52.79999923706055,52.79999923706055,49.67837905883789,164000,0.0,0.0,0.0,0.0,0.0,0.0
2020-09-02,53.0,53.79999923706055,53.0,53.5,50.33699417114258,199000,0.0,0.0,0.0,0.0,0.0,0.0
2020-09-03,53.59999847412109,54.0,53.59999847412109,53.59999847412109,50.43107986450195,202000,0.0,0.0,0.0,0.0,0.0,0.0
2020-09-04,53.29999923706055,54.900001525878906,52.79999923706055,54.70000076293945,51.46604919433594,448000,0.0,0.0,0.0,0.0,0.0,0.0
2020-09-07,53.59999847412109,54.09999847412109,53.0,53.09999847412109,49.96063995361328,520000,0.0,0.0,0.0,0.0,0.0,0.0
2020-09-08,53.29999923706055,53.5,52.79999923706055,52.79999923706055,49.67837905883789,194000,0.0,0.0,0.0,0.0,0.0,0.0
2020-09-09,52.5,52.59999847412109,52.20000076293945,52.5,49.396114349365234,232000,0.0,0.0,0.0,0.0,0.0,0.0
2020-09-10,52.900001525878906,52.900001525878906,52.09999847412109,52.09999847412109,49.0197639465332,244000,0.0,0.0,0.0,0.0,0.0,0.0
2020-09-11,52.09999847412109,52.29999923706055,51.59999847412109,51.59999847412109,48.54932403564453,384000,0.0,0.0,0.0,0.0,0.0,0.0
2020-09-14,51.59999847412109,52.29999923706055,51.29999923706055,51.70000076293945,48.64341354370117,226000,0.0,0.0,0.0,0.0,0.0,0.0
2020-09-15,51.79999923706055,52.09999847412109,51.79999923706055,52.0,48.92567443847656,88000,0.0,0.0,0.0,0.0,0.0,0.0
2020-09-16,52.29999923706055,52.29999923706055,51.79999923706055,51.79999923706055,48.73749923706055,140000,0.0,0.0,0.0,0.0,0.0,0.0
2020-09-17,52.5,53.0,52.400001525878906,52.79999923706055,49.67837905883789,350000,0.0,0.0,0.0,0.0,0.0,0.0
2020-09-18,52.79999923706055,53.20000076293945,52.5,53.0,49.86655426025391,187000,0.0,0.0,0.0,0.0,0.0,0.0
2020-09-21,53.0,53.09999847412109,52.09999847412109,52.20000076293945,49.11385345458984,190000,0.0,0.0,0.0,0.0,0.0,0.0
2020-09-22,52.20000076293945,52.20000076293945,51.400001525878906,51.59999847412109,48.54932403564453,229000,0.0,0.0,0.0,0.0,0.0,0.0
2020-09-23,51.79999923706055,51.79999923706055,51.70000076293945,51.70000076293945,48.64341354370117,78000,0.0,0.0,0.0,0.0,0.0,0.0
2020-09-24,51.5,51.5,50.400001525878906,50.400001525878906,47.42027282714844,283000,0.0,0.0,0.0,0.0,0.0,0.0
2020-09-25,51.0,51.400001525878906,49.79999923706055,50.0,47.04391860961914,215000,0.0,0.0,0.0,0.0,0.0,0.0
2020-09-28,50.20000076293945,50.70000076293945,50.09999847412109,50.400001525878906,47.42027282714844,104000,0.0,0.0,0.0,0.0,0.0,0.0
2020-09-29,50.70000076293945,50.79999923706055,50.20000076293945,50.29999923706055,47.3261833190918,79000,0.0,0.0,0.0,0.0,0.0,0.0
2020-09-30,50.5,51.20000076293945,50.5,51.0,47.98479843139648,91000,0.0,0.0,0.0,0.0,0.0,0.0
2020-10-05,50.79999923706055,51.5,50.79999923706055,51.20000076293945,48.1729736328125,69000,0.0,0.0,0.0,0.0,0.0,0.0
2020-10-06,51.59999847412109,51.59999847412109,51.29999923706055,51.29999923706055,48.26705932617188,83000,0.0,0.0,0.0,0.0,0.0,0.0
2020-10-07,51.70000076293945,52.400001525878906,51.70000076293945,52.0,48.92567443847656,163000,0.0,0.0,0.0,0.0,0.0,0.0
2020-10-08,52.09999847412109,52.20000076293945,52.0,52.09999847412109,49.0197639465332,76000,0.0,0.0,0.0,0.0,0.0,0.0
2020-10-12,52.400001525878906,52.400001525878906,51.5,51.5,48.45523834228516,95000,0.0,0.0,0.0,0.0,0.0,0.0
2020-10-13,51.59999847412109,51.59999847412109,50.59999847412109,51.0,47.98479843139648,113000,0.0,0.0,0.0,0.0,0.0,0.0
2020-10-14,51.0,51.400001525878906,51.0,51.20000076293945,48.1729736328125,76000,0.0,0.0,0.0,0.0,0.0,0.0
2020-10-15,51.20000076293945,51.70000076293945,50.79999923706055,51.70000076293945,48.64341354370117,106000,0.0,0.0,0.0,0.0,0.0,0.0
2020-10-16,51.400001525878906,51.70000076293945,51.0,51.400001525878906,48.36115264892578,68000,0.0,0.0,0.0,0.0,0.0,0.0
2020-10-19,51.70000076293945,51.79999923706055,51.5,51.79999923706055,48.73749923706055,64000,0.0,0.0,0.0,0.0,0.0,0.0
2020-10-20,51.70000076293945,51.79999923706055,51.5,51.59999847412109,48.54932403564453,33000,0.0,0.0,0.0,0.0,0.0,0.0
2020-10-21,51.59999847412109,51.79999923706055,51.5,51.5,48.45523834228516,89000,0.0,0.0,0.0,0.0,0.0,0.0
2020-10-22,51.70000076293945,51.70000076293945,51.0,51.5,48.45523834228516,101000,0.0,0.0,0.0,0.0,0.0,0.0
2020-10-23,51.29999923706055,51.79999923706055,50.59999847412109,51.79999923706055,48.73749923706055,213000,0.0,0.0,0.0,0.0,0.0,0.0
2020-10-26,51.59999847412109,51.70000076293945,51.29999923706055,51.29999923706055,48.26705932617188,138000,0.0,0.0,0.0,0.0,0.0,0.0
2020-10-27,51.09999847412109,51.5,51.0,51.400001525878906,48.36115264892578,581000,0.0,0.0,0.0,0.0,0.0,0.0
2020-10-28,51.09999847412109,51.59999847412109,51.0,51.09999847412109,48.07888412475586,133000,0.0,0.0,0.0,0.0,0.0,0.0
2020-10-29,50.5,50.79999923706055,50.400001525878906,50.79999923706055,47.79662322998047,601000,0.0,0.0,0.0,0.0,0.0,0.0
2020-10-30,50.79999923706055,50.79999923706055,50.5,50.59999847412109,47.60844421386719,117000,0.0,0.0,0.0,0.0,0.0,0.0
2020-11-02,51.29999923706055,51.59999847412109,50.59999847412109,50.79999923706055,47.79662322998047,214000,0.0,0.0,0.0,0.0,0.0,0.0
2020-11-03,51.29999923706055,51.59999847412109,51.09999847412109,51.20000076293945,48.1729736328125,130000,0.0,0.0,0.0,0.0,0.0,0.0
2020-11-04,51.70000076293945,52.09999847412109,51.59999847412109,51.79999923706055,48.73749923706055,339000,0.0,0.0,0.0,0.0,0.0,0.0
2020-11-05,51.900001525878906,51.900001525878906,51.70000076293945,51.79999923706055,48.73749923706055,102000,0.0,0.0,0.0,0.0,0.0,0.0
2020-11-06,52.09999847412109,52.400001525878906,52.0,52.0,48.92567443847656,549000,0.0,0.0,0.0,0.0,0.0,0.0
2020-11-09,52.29999923706055,52.5,52.0,52.400001525878906,49.30202865600586,128000,0.0,0.0,0.0,0.0,0.0,0.0
2020-11-10,52.5,52.59999847412109,52.09999847412109,52.20000076293945,49.11385345458984,166000,0.0,0.0,0.0,0.0,0.0,0.0
2020-11-11,52.400001525878906,52.79999923706055,52.20000076293945,52.70000076293945,49.58429336547852,229000,0.0,0.0,0.0,0.0,0.0,0.0
2020-11-12,52.79999923706055,53.0,52.09999847412109,52.59999847412109,49.49020004272461,115000,0.0,0.0,0.0,0.0,0.0,0.0
2020-11-13,52.59999847412109,52.59999847412109,52.20000076293945,52.5,49.396114349365234,167000,0.0,0.0,0.0,0.0,0.0,0.0
2020-11-16,52.79999923706055,53.0,52.59999847412109,52.59999847412109,49.49020004272461,226000,0.0,0.0,0.0,0.0,0.0,0.0
2020-11-17,52.900001525878906,52.900001525878906,52.59999847412109,52.70000076293945,49.58429336547852,127000,0.0,0.0,0.0,0.0,0.0,0.0
2020-11-18,52.70000076293945,53.29999923706055,52.70000076293945,53.0,49.86655426025391,258000,0.0,0.0,0.0,0.0,0.0,0.0
2020-11-19,53.09999847412109,53.400001525878906,53.09999847412109,53.400001525878906,50.2429084777832,153000,0.0,0.0,0.0,0.0,0.0,0.0
2020-11-20,53.400001525878906,53.70000076293945,53.29999923706055,53.29999923706055,50.14881896972656,213000,0.0,0.0,0.0,0.0,0.0,0.0
2020-11-23,53.5,53.5,53.29999923706055,53.400001525878906,50.2429084777832,212000,0.0,0.0,0.0,0.0,0.0,0.0
2020-11-24,53.79999923706055,53.79999923706055,53.400001525878906,53.400001525878906,50.2429084777832,252000,0.0,0.0,0.0,0.0,0.0,0.0
2020-11-25,53.5,53.70000076293945,53.20000076293945,53.20000076293945,50.05472946166992,209000,0.0,0.0,0.0,0.0,0.0,0.0
2020-11-26,53.400001525878906,53.70000076293945,53.20000076293945,53.400001525878906,50.2429084777832,150000,0.0,0.0,0.0,0.0,0.0,0.0
2020-11-27,53.5,54.29999923706055,53.400001525878906,54.20000076293945,50.99560928344727,306000,0.0,0.0,0.0,0.0,0.0,0.0
2020-11-30,54.20000076293945,54.70000076293945,54.20000076293945,54.5,51.27787399291992,410000,0.0,0.0,0.0,0.0,0.0,0.0
2020-12-01,54.5,54.79999923706055,54.09999847412109,54.20000076293945,50.99560928344727,149000,0.0,0.0,0.0,0.0,0.0,0.0
2020-12-02,54.5,54.79999923706055,54.09999847412109,54.20000076293945,50.99560928344727,265000,0.0,0.0,0.0,0.0,0.0,0.0
2020-12-03,54.5,54.59999847412109,54.09999847412109,54.20000076293945,50.99560928344727,225000,0.0,0.0,0.0,0.0,0.0,0.0
2020-12-04,53.900001525878906,54.0,53.400001525878906,53.70000076293945,50.525169372558594,518000,0.0,0.0,0.0,0.0,0.0,0.0
2020-12-07,53.70000076293945,54.5,53.70000076293945,53.79999923706055,50.61925506591797,455000,0.0,0.0,0.0,0.0,0.0,0.0
2020-12-08,54.0,54.70000076293945,54.0,54.0,50.80743408203125,406000,0.0,0.0,0.0,0.0,0.0,0.0
2020-12-09,54.20000076293945,54.5,53.900001525878906,53.900001525878906,50.71334838867188,295000,0.0,0.0,0.0,0.0,0.0,0.0
2020-12-10,54.09999847412109,54.20000076293945,53.5,53.5,50.33699417114258,256000,0.0,0.0,0.0,0.0,0.0,0.0
2020-12-11,53.5,53.70000076293945,52.70000076293945,52.70000076293945,49.58429336547852,322000,0.0,0.0,0.0,0.0,0.0,0.0
2020-12-14,52.79999923706055,53.20000076293945,52.79999923706055,53.20000076293945,50.05472946166992,130000,0.0,0.0,0.0,0.0,0.0,0.0
2020-12-15,53.400001525878906,53.59999847412109,52.79999923706055,52.79999923706055,49.67837905883789,129000,0.0,0.0,0.0,0.0,0.0,0.0
2020-12-16,53.09999847412109,53.400001525878906,53.09999847412109,53.29999923706055,50.14881896972656,81000,0.0,0.0,0.0,0.0,0.0,0.0
2020-12-17,53.59999847412109,53.59999847412109,53.09999847412109,53.20000076293945,50.05472946166992,198000,0.0,0.0,0.0,0.0,0.0,0.0
2020-12-18,53.29999923706055,53.59999847412109,53.20000076293945,53.29999923706055,50.14881896972656,103000,0.0,0.0,0.0,0.0,0.0,0.0
2020-12-21,53.20000076293945,53.20000076293945,52.79999923706055,52.79999923706055,49.67837905883789,123000,0.0,0.0,0.0,0.0,0.0,0.0
2020-12-22,52.900001525878906,53.09999847412109,52.5,52.5,49.396114349365234,140000,0.0,0.0,0.0,0.0,0.0,0.0
2020-12-23,52.5,53.0,52.5,52.59999847412109,49.49020004272461,73000,0.0,0.0,0.0,0.0,0.0,0.0
2020-12-24,52.59999847412109,53.09999847412109,52.59999847412109,52.79999923706055,49.67837905883789,84000,0.0,0.0,0.0,0.0,0.0,0.0
2020-12-25,52.900001525878906,53.29999923706055,52.900001525878906,53.20000076293945,50.05472946166992,105000,0.0,0.0,0.0,0.0,0.0,0.0
2020-12-28,53.400001525878906,53.5,53.09999847412109,53.09999847412109,49.96063995361328,139000,0.0,0.0,0.0,0.0,0.0,0.0
2020-12-29,53.400001525878906,53.59999847412109,53.0,53.09999847412109,49.96063995361328,149000,0.0,0.0,0.0,0.0,0.0,0.0
2020-12-30,53.20000076293945,53.29999923706055,53.09999847412109,53.09999847412109,49.96063995361328,123000,0.0,0.0,0.0,0.0,0.0,0.0
2020-12-31,53.5,53.59999847412109,53.09999847412109,53.09999847412109,49.96063995361328,98000,0.0,0.0,0.0,0.0,0.0,0.0
2021-01-04,53.20000076293945,53.59999847412109,53.20000076293945,53.400001525878906,50.2429084777832,470000,0.0,0.0,0.0,0.0,0.0,0.0
2021-01-05,53.400001525878906,53.5,53.09999847412109,53.29999923706055,50.14881896972656,139000,0.0,0.0,0.0,0.0,0.0,0.0
2021-01-06,56.0,56.09999847412109,54.09999847412109,54.59999847412109,51.3719596862793,1424000,0.0,0.0,0.0,0.0,0.0,0.0
2021-01-07,54.70000076293945,55.20000076293945,54.59999847412109,54.70000076293945,51.46604919433594,484000,0.0,0.0,0.0,0.0,0.0,0.0
2021-01-08,55.20000076293945,55.5,54.09999847412109,54.09999847412109,50.90151977539063,546000,0.0,0.0,0.0,0.0,0.0,0.0
2021-01-11,54.20000076293945,55.09999847412109,54.20000076293945,55.0,51.74831008911133,498000,0.0,0.0,0.0,0.0,0.0,0.0
2021-01-12,55.400001525878906,55.59999847412109,53.70000076293945,53.70000076293945,50.525169372558594,512000,0.0,0.0,0.0,0.0,0.0,0.0
2021-01-13,54.20000076293945,54.59999847412109,54.09999847412109,54.20000076293945,50.99560928344727,326000,0.0,0.0,0.0,0.0,0.0,0.0
2021-01-14,54.20000076293945,55.0,54.20000076293945,54.79999923706055,51.56013488769531,302000,0.0,0.0,0.0,0.0,0.0,0.0
2021-01-15,55.29999923706055,55.400001525878906,53.70000076293945,53.900001525878906,50.71334838867188,489000,0.0,0.0,0.0,0.0,0.0,0.0
2021-01-18,54.5,54.5,53.09999847412109,53.900001525878906,50.71334838867188,212000,0.0,0.0,0.0,0.0,0.0,0.0
2021-01-19,54.29999923706055,54.5,54.0,54.20000076293945,50.99560928344727,181000,0.0,0.0,0.0,0.0,0.0,0.0
2021-01-20,54.20000076293945,54.79999923706055,52.79999923706055,53.0,49.86655426025391,401000,0.0,0.0,0.0,0.0,0.0,0.0
2021-01-21,53.20000076293945,53.59999847412109,53.0,53.20000076293945,50.05472946166992,220000,0.0,0.0,0.0,0.0,0.0,0.0
2021-01-22,54.900001525878906,55.400001525878906,54.20000076293945,54.29999923706055,51.08969497680664,1124000,0.0,0.0,0.0,0.0,0.0,0.0
2021-01-25,54.29999923706055,55.59999847412109,53.79999923706055,55.59999847412109,52.312835693359375,521000,0.0,0.0,0.0,0.0,0.0,0.0
2021-01-26,56.0,56.09999847412109,54.79999923706055,54.900001525878906,51.65422439575195,809000,0.0,0.0,0.0,0.0,0.0,0.0
2021-01-27,55.09999847412109,57.0,55.09999847412109,56.5,53.159629821777344,1172000,0.0,0.0,0.0,0.0,0.0,0.0
2021-01-28,55.900001525878906,56.79999923706055,55.5,56.29999923706055,52.97145080566406,709000,0.0,0.0,0.0,0.0,0.0,0.0
2021-01-29,57.0,58.400001525878906,55.20000076293945,55.20000076293945,51.93648910522461,2840000,0.0,0.0,0.0,0.0,0.0,0.0
2021-02-01,55.29999923706055,56.20000076293945,55.0,55.5,52.21875,656000,0.0,0.0,0.0,0.0,0.0,0.0
2021-02-02,55.20000076293945,55.29999923706055,54.59999847412109,55.09999847412109,51.84239959716797,955000,0.0,0.0,0.0,0.0,0.0,0.0
2021-02-03,55.5,56.70000076293945,55.20000076293945,55.900001525878906,52.5951042175293,1061000,0.0,0.0,0.0,0.0,0.0,0.0
2021-02-04,56.400001525878906,57.59999847412109,56.29999923706055,56.900001525878906,53.535980224609375,1386000,0.0,0.0,0.0,0.0,0.0,0.0
2021-02-05,57.400001525878906,57.400001525878906,56.5,56.5,53.159629821777344,607000,0.0,0.0,0.0,0.0,0.0,0.0
2021-02-17,57.5,58.20000076293945,56.70000076293945,58.0,54.570945739746094,1260000,0.0,0.0,0.0,0.0,0.0,0.0
2021-02-18,58.79999923706055,59.900001525878906,57.59999847412109,59.09999847412109,55.60591125488281,2090000,0.0,0.0,0.0,0.0,0.0,0.0
2021-02-19,58.70000076293945,59.79999923706055,58.09999847412109,59.59999847412109,56.07635116577149,1251000,0.0,0.0,0.0,0.0,0.0,0.0
2021-02-22,60.0,60.29999923706055,58.20000076293945,58.70000076293945,55.22956085205078,1930000,0.0,0.0,0.0,0.0,0.0,0.0
2021-02-23,58.29999923706055,58.400001525878906,57.400001525878906,58.20000076293945,54.759124755859375,1053000,0.0,0.0,0.0,0.0,0.0,0.0
2021-02-24,58.20000076293945,58.900001525878906,57.59999847412109,57.79999923706055,54.38277053833008,629000,0.0,0.0,0.0,0.0,0.0,0.0
2021-02-25,58.5,58.900001525878906,57.900001525878906,58.79999923706055,55.32365036010742,672000,0.0,0.0,0.0,0.0,0.0,0.0
2021-02-26,58.0,58.79999923706055,57.900001525878906,58.5,55.041385650634766,561000,0.0,0.0,0.0,0.0,0.0,0.0
2021-03-02,59.09999847412109,59.09999847412109,56.900001525878906,57.0,53.630069732666016,857000,0.0,0.0,0.0,0.0,0.0,0.0
2021-03-03,57.29999923706055,57.79999923706055,56.5,57.400001525878906,54.00642013549805,485000,0.0,0.0,0.0,0.0,0.0,0.0
2021-03-04,57.0,57.70000076293945,56.900001525878906,57.0,53.630069732666016,271000,0.0,0.0,0.0,0.0,0.0,0.0
2021-03-05,56.29999923706055,56.70000076293945,55.79999923706055,55.900001525878906,52.5951042175293,1063000,0.0,0.0,0.0,0.0,0.0,0.0
2021-03-08,56.09999847412109,56.70000076293945,55.900001525878906,55.900001525878906,52.5951042175293,701000,0.0,0.0,0.0,0.0,0.0,0.0
2021-03-09,55.59999847412109,56.5,55.400001525878906,56.400001525878906,53.06554412841797,354000,0.0,0.0,0.0,0.0,0.0,0.0
2021-03-10,56.70000076293945,56.900001525878906,56.29999923706055,56.29999923706055,52.97145080566406,192000,0.0,0.0,0.0,0.0,0.0,0.0
2021-03-11,56.0,56.59999847412109,56.0,56.5,53.159629821777344,334000,0.0,0.0,0.0,0.0,0.0,0.0
2021-03-12,56.70000076293945,56.900001525878906,56.400001525878906,56.79999923706055,53.441890716552734,359000,0.0,0.0,0.0,0.0,0.0,0.0
2021-03-15,57.09999847412109,58.09999847412109,57.0,58.0,54.570945739746094,1089000,0.0,0.0,0.0,0.0,0.0,0.0
2021-03-16,58.09999847412109,58.5,57.79999923706055,58.09999847412109,54.66503143310547,571000,0.0,0.0,0.0,0.0,0.0,0.0
2021-03-17,58.09999847412109,58.20000076293945,57.400001525878906,57.59999847412109,54.19459533691406,750000,0.0,0.0,0.0,0.0,0.0,0.0
2021-03-18,58.0,58.0,57.5,57.79999923706055,54.38277053833008,398000,0.0,0.0,0.0,0.0,0.0,0.0
2021-03-19,57.59999847412109,57.79999923706055,57.400001525878906,57.79999923706055,54.38277053833008,308000,0.0,0.0,0.0,0.0,0.0,0.0
2021-03-22,57.79999923706055,58.400001525878906,57.400001525878906,58.09999847412109,54.66503143310547,526000,0.0,0.0,0.0,0.0,0.0,0.0
2021-03-23,58.29999923706055,58.400001525878906,57.59999847412109,57.70000076293945,54.2886848449707,288000,0.0,0.0,0.0,0.0,0.0,0.0
2021-03-24,57.70000076293945,57.900001525878906,57.400001525878906,57.5,54.10050582885742,297000,0.0,0.0,0.0,0.0,0.0,0.0
2021-03-25,57.5,57.5,57.09999847412109,57.09999847412109,53.72415542602539,302000,0.0,0.0,0.0,0.0,0.0,0.0
2021-03-26,57.20000076293945,57.59999847412109,57.20000076293945,57.29999923706055,53.912330627441406,273000,0.0,0.0,0.0,0.0,0.0,0.0
2021-03-29,57.5,58.20000076293945,57.5,57.900001525878906,54.47686004638672,476000,0.0,0.0,0.0,0.0,0.0,0.0
2021-03-30,58.0,58.09999847412109,57.59999847412109,57.900001525878906,54.47686004638672,592000,0.0,0.0,0.0,0.0,0.0,0.0
2021-03-31,57.900001525878906,58.29999923706055,57.79999923706055,57.79999923706055,54.38277053833008,421000,0.0,0.0,0.0,0.0,0.0,0.0
2021-04-01,57.900001525878906,58.5,57.59999847412109,58.400001525878906,54.94729995727539,687000,0.0,0.0,0.0,0.0,0.0,0.0
2021-04-07,59.70000076293945,59.79999923706055,59.09999847412109,59.70000076293945,56.170440673828125,899000,0.0,0.0,0.0,0.0,0.0,0.0
2021-04-08,59.70000076293945,60.20000076293945,59.70000076293945,59.70000076293945,56.170440673828125,902000,0.0,0.0,0.0,0.0,0.0,0.0
2021-04-09,60.20000076293945,60.29999923706055,59.09999847412109,59.29999923706055,55.79408645629883,563000,0.0,0.0,0.0,0.0,0.0,0.0
2021-04-12,60.0,60.20000076293945,59.70000076293945,59.900001525878906,56.35861587524414,683000,0.0,0.0,0.0,0.0,0.0,0.0
2021-04-13,60.0,60.09999847412109,58.400001525878906,58.400001525878906,54.94729995727539,753000,0.0,0.0,0.0,0.0,0.0,0.0
2021-04-14,58.5,58.59999847412109,56.59999847412109,57.59999847412109,54.19459533691406,795000,0.0,0.0,0.0,0.0,0.0,0.0
2021-04-15,57.70000076293945,57.900001525878906,57.400001525878906,57.79999923706055,54.38277053833008,195000,0.0,0.0,0.0,0.0,0.0,0.0
2021-04-16,58.0,58.20000076293945,57.79999923706055,58.0,54.570945739746094,238000,0.0,0.0,0.0,0.0,0.0,0.0
2021-04-19,58.70000076293945,58.70000076293945,58.09999847412109,58.20000076293945,54.759124755859375,306000,0.0,0.0,0.0,0.0,0.0,0.0
2021-04-20,58.20000076293945,58.400001525878906,57.70000076293945,58.29999923706055,54.85321044921875,317000,0.0,0.0,0.0,0.0,0.0,0.0
2021-04-21,58.29999923706055,58.59999847412109,58.09999847412109,58.29999923706055,54.85321044921875,341000,0.0,0.0,0.0,0.0,0.0,0.0
2021-04-22,58.5,58.70000076293945,57.0,57.400001525878906,54.00642013549805,680000,0.0,0.0,0.0,0.0,0.0,0.0
2021-04-23,57.400001525878906,58.0,56.5,58.0,54.570945739746094,372000,0.0,0.0,0.0,0.0,0.0,0.0
2021-04-26,58.20000076293945,58.400001525878906,57.70000076293945,58.09999847412109,54.66503143310547,490000,0.0,0.0,0.0,0.0,0.0,0.0
2021-04-27,58.09999847412109,58.09999847412109,57.70000076293945,58.09999847412109,54.66503143310547,300000,0.0,0.0,0.0,0.0,0.0,0.0
2021-04-28,58.09999847412109,58.20000076293945,57.70000076293945,57.900001525878906,54.47686004638672,282000,0.0,0.0,0.0,0.0,0.0,0.0
2021-04-29,58.0,58.0,57.5,57.70000076293945,54.2886848449707,312000,0.0,0.0,0.0,0.0,0.0,0.0
2021-05-03,57.5,57.5,55.900001525878906,56.0,52.68918991088867,1255000,0.0,0.0,0.0,0.0,0.0,0.0
2021-05-04,56.20000076293945,56.20000076293945,54.09999847412109,55.09999847412109,51.84239959716797,762000,0.0,0.0,0.0,0.0,0.0,0.0
2021-05-05,54.70000076293945,55.400001525878906,54.0,54.900001525878906,51.65422439575195,424000,0.0,0.0,0.0,0.0,0.0,0.0
2021-05-06,55.0,55.29999923706055,54.59999847412109,54.79999923706055,51.56013488769531,329000,0.0,0.0,0.0,0.0,0.0,0.0
2021-05-07,56.0,56.0,55.20000076293945,55.70000076293945,52.40692901611328,256000,0.0,0.0,0.0,0.0,0.0,0.0
2021-05-10,55.70000076293945,55.900001525878906,55.09999847412109,55.29999923706055,52.030574798583984,175000,0.0,0.0,0.0,0.0,0.0,0.0
2021-05-11,54.70000076293945,54.900001525878906,54.0,54.0,50.80743408203125,520000,0.0,0.0,0.0,0.0,0.0,0.0
2021-05-12,54.0,54.20000076293945,50.59999847412109,52.20000076293945,49.11385345458984,761000,0.0,0.0,0.0,0.0,0.0,0.0
2021-05-13,52.09999847412109,52.400001525878906,50.20000076293945,51.900001525878906,48.83158874511719,406000,0.0,0.0,0.0,0.0,0.0,0.0
2021-05-14,52.0,52.70000076293945,51.59999847412109,51.59999847412109,48.54932403564453,357000,0.0,0.0,0.0,0.0,0.0,0.0
2021-05-17,50.09999847412109,51.5,48.45000076293945,49.20000076293945,46.29121780395508,730000,0.0,0.0,0.0,0.0,0.0,0.0
2021-05-18,50.0,51.79999923706055,50.0,51.5,48.45523834228516,362000,0.0,0.0,0.0,0.0,0.0,0.0
2021-05-19,51.0,52.0,51.0,51.59999847412109,48.54932403564453,264000,0.0,0.0,0.0,0.0,0.0,0.0
2021-05-20,51.59999847412109,52.29999923706055,51.400001525878906,51.5,48.45523834228516,234000,0.0,0.0,0.0,0.0,0.0,0.0
2021-05-21,51.59999847412109,52.400001525878906,51.59999847412109,52.20000076293945,49.11385345458984,130000,0.0,0.0,0.0,0.0,0.0,0.0
2021-05-24,52.0,52.29999923706055,51.5,52.29999923706055,49.20793914794922,196000,0.0,0.0,0.0,0.0,0.0,0.0
2021-05-25,53.29999923706055,53.900001525878906,53.20000076293945,53.5,50.33699417114258,394000,0.0,0.0,0.0,0.0,0.0,0.0
2021-05-26,53.79999923706055,53.79999923706055,53.09999847412109,53.29999923706055,50.14881896972656,120000,0.0,0.0,0.0,0.0,0.0,0.0
2021-05-27,53.29999923706055,53.29999923706055,52.79999923706055,53.20000076293945,50.05472946166992,87000,0.0,0.0,0.0,0.0,0.0,0.0
2021-05-28,53.70000076293945,54.0,53.29999923706055,53.79999923706055,50.61925506591797,89000,0.0,0.0,0.0,0.0,0.0,0.0
2021-05-31,53.900001525878906,54.09999847412109,53.79999923706055,53.79999923706055,50.61925506591797,111000,0.0,0.0,0.0,0.0,0.0,0.0
2021-06-01,54.0,54.400001525878906,54.0,54.400001525878906,51.18378448486328,97000,0.0,0.0,0.0,0.0,0.0,0.0
2021-06-02,54.400001525878906,54.400001525878906,54.0,54.29999923706055,51.08969497680664,137000,0.0,0.0,0.0,0.0,0.0,0.0
2021-06-03,54.29999923706055,54.900001525878906,54.0,54.70000076293945,51.46604919433594,194000,0.0,0.0,0.0,0.0,0.0,0.0
2021-06-04,54.70000076293945,55.0,54.59999847412109,54.70000076293945,51.46604919433594,165000,0.0,0.0,0.0,0.0,0.0,0.0
2021-06-07,54.5,55.0,54.09999847412109,54.29999923706055,51.08969497680664,200000,0.0,0.0,0.0,0.0,0.0,0.0
2021-06-08,54.400001525878906,54.400001525878906,54.20000076293945,54.20000076293945,50.99560928344727,74000,0.0,0.0,0.0,0.0,0.0,0.0
2021-06-09,54.70000076293945,54.70000076293945,54.0,54.29999923706055,51.08969497680664,80000,0.0,0.0,0.0,0.0,0.0,0.0
2021-06-10,54.59999847412109,54.59999847412109,54.0,54.400001525878906,51.18378448486328,79000,0.0,0.0,0.0,0.0,0.0,0.0
2021-06-11,54.400001525878906,54.900001525878906,54.400001525878906,54.900001525878906,51.65422439575195,145000,0.0,0.0,0.0,0.0,0.0,0.0
2021-06-15,54.900001525878906,55.5,54.900001525878906,55.400001525878906,52.12466430664063,238000,0.0,0.0,0.0,0.0,0.0,0.0
2021-06-16,55.59999847412109,55.59999847412109,55.0,55.0,51.74831008911133,87000,0.0,0.0,0.0,0.0,0.0,0.0
2021-06-17,55.0,55.400001525878906,55.0,55.400001525878906,52.12466430664063,69000,0.0,0.0,0.0,0.0,0.0,0.0
2021-06-18,55.5,55.70000076293945,55.29999923706055,55.70000076293945,52.40692901611328,153000,0.0,0.0,0.0,0.0,0.0,0.0
2021-06-21,55.70000076293945,55.70000076293945,54.900001525878906,55.400001525878906,52.12466430664063,206000,0.0,0.0,0.0,0.0,0.0,0.0
2021-06-22,55.79999923706055,55.79999923706055,54.900001525878906,54.900001525878906,51.65422439575195,164000,0.0,0.0,0.0,0.0,0.0,0.0
2021-06-23,55.29999923706055,55.400001525878906,55.0,55.09999847412109,51.84239959716797,103000,0.0,0.0,0.0,0.0,0.0,0.0
2021-06-24,55.09999847412109,55.59999847412109,55.09999847412109,55.5,52.21875,88000,0.0,0.0,0.0,0.0,0.0,0.0
2021-06-25,55.70000076293945,58.5,55.5,57.70000076293945,54.2886848449707,1907000,0.0,0.0,0.0,0.0,0.0,0.0
2021-06-28,58.5,60.5,57.59999847412109,59.79999923706055,56.2645263671875,3167000,0.0,0.0,0.0,0.0,0.0,0.0
2021-06-29,60.79999923706055,62.0,60.0,60.900001525878906,57.29949569702149,6490000,0.0,0.0,0.0,0.0,0.0,0.0
2021-06-30,61.20000076293945,61.29999923706055,59.5,60.0,56.45270538330078,1420000,0.0,0.0,0.0,0.0,0.0,0.0
2021-07-01,60.0,60.0,58.29999923706055,58.29999923706055,54.85321044921875,1080000,0.0,0.0,0.0,0.0,0.0,0.0
2021-07-02,58.29999923706055,59.0,57.79999923706055,58.5,55.041385650634766,529000,0.0,0.0,0.0,0.0,0.0,0.0
2021-07-05,58.900001525878906,59.0,58.20000076293945,58.400001525878906,54.94729995727539,579000,0.0,0.0,0.0,0.0,0.0,0.0
2021-07-06,59.20000076293945,59.5,58.59999847412109,58.79999923706055,55.32365036010742,484000,0.0,0.0,0.0,0.0,0.0,0.0
2021-07-07,58.79999923706055,58.79999923706055,58.0,58.09999847412109,54.66503143310547,384000,0.0,0.0,0.0,0.0,0.0,0.0
2021-07-08,58.400001525878906,59.900001525878906,58.29999923706055,58.79999923706055,55.32365036010742,464000,0.0,0.0,0.0,0.0,0.0,0.0
2021-07-09,58.29999923706055,59.20000076293945,58.29999923706055,58.59999847412109,55.13547134399414,360000,0.0,0.0,0.0,0.0,0.0,0.0
2021-07-12,59.0,59.900001525878906,59.0,59.70000076293945,56.170440673828125,804000,0.0,0.0,0.0,0.0,0.0,0.0
2021-07-13,60.0,61.29999923706055,58.79999923706055,58.900001525878906,55.41773986816406,1837000,0.0,0.0,0.0,0.0,0.0,0.0
2021-07-14,60.0,60.29999923706055,59.09999847412109,60.29999923706055,56.73496627807617,865000,0.0,0.0,0.0,0.0,0.0,0.0
2021-07-15,60.59999847412109,61.09999847412109,59.79999923706055,60.20000076293945,56.6408805847168,672000,0.0,0.0,0.0,0.0,0.0,0.0
2021-07-16,60.09999847412109,62.0,60.09999847412109,61.79999923706055,58.14628219604492,1498000,0.0,0.0,0.0,0.0,0.0,0.0
2021-07-19,62.09999847412109,62.79999923706055,60.70000076293945,61.20000076293945,57.58175659179688,1410000,0.0,0.0,0.0,0.0,0.0,0.0
2021-07-20,60.0,60.400001525878906,59.29999923706055,59.400001525878906,55.888179779052734,1028000,0.0,0.0,0.0,0.0,0.0,0.0
2021-07-21,60.400001525878906,60.400001525878906,58.900001525878906,59.20000076293945,55.70000076293945,634000,0.0,0.0,0.0,0.0,0.0,0.0
2021-07-22,59.79999923706055,60.59999847412109,59.59999847412109,59.59999847412109,56.07635116577149,487000,0.0,0.0,0.0,0.0,0.0,0.0
2021-07-23,60.09999847412109,60.70000076293945,60.0,60.29999923706055,56.73496627807617,727000,0.0,0.0,0.0,0.0,0.0,0.0
2021-07-26,61.0,62.400001525878906,60.79999923706055,61.59999847412109,57.958106994628906,1844000,0.0,0.0,0.0,0.0,0.0,0.0
2021-07-27,61.900001525878906,62.20000076293945,60.5,60.59999847412109,57.01722717285156,1146000,0.0,0.0,0.0,0.0,0.0,0.0
2021-07-28,60.59999847412109,61.0,58.59999847412109,59.20000076293945,55.70000076293945,1479000,0.0,0.0,0.0,0.0,0.0,0.0
2021-07-29,56.0,56.900001525878906,55.900001525878906,56.09999847412109,56.09999847412109,711000,0.0,0.0,0.0,0.0,0.0,0.0
2021-07-30,56.09999847412109,56.400001525878906,55.400001525878906,55.59999847412109,55.59999847412109,470000,0.0,0.0,0.0,0.0,0.0,0.0
2021-08-02,59.0,60.09999847412109,57.79999923706055,59.5,59.5,2024000,0.0,0.0,0.0,0.0,0.0,0.0
2021-08-03,59.5,60.29999923706055,59.0,60.09999847412109,60.09999847412109,811000,0.0,0.0,0.0,0.0,0.0,0.0
2021-08-04,60.59999847412109,60.59999847412109,59.20000076293945,59.20000076293945,59.20000076293945,573000,0.0,0.0,0.0,0.0,0.0,0.0
2021-08-05,60.400001525878906,60.79999923706055,59.70000076293945,60.09999847412109,60.09999847412109,1072000,0.0,0.0,0.0,0.0,0.0,0.0
2021-08-06,60.29999923706055,60.59999847412109,59.5,59.5,59.5,770000,0.0,0.0,0.0,0.0,0.0,0.0
2021-08-09,59.5,63.59999847412109,59.5,63.0,63.0,4186000,0.0,0.0,0.0,0.0,0.0,0.0
2021-08-10,63.400001525878906,63.5,60.09999847412109,61.0,61.0,2394000,0.0,0.0,0.0,0.0,0.0,0.0
2021-08-11,61.400001525878906,61.400001525878906,58.70000076293945,59.09999847412109,59.09999847412109,1494000,0.0,0.0,0.0,0.0,0.0,0.0
2021-08-12,59.59999847412109,60.59999847412109,58.70000076293945,60.20000076293945,60.20000076293945,708000,0.0,0.0,0.0,0.0,0.0,0.0
2021-08-13,60.79999923706055,60.900001525878906,58.5,58.5,58.5,989000,0.0,0.0,0.0,0.0,0.0,0.0
2021-08-16,58.400001525878906,59.59999847412109,57.79999923706055,59.20000076293945,59.20000076293945,625000,0.0,0.0,0.0,0.0,0.0,0.0
2021-08-17,59.900001525878906,59.900001525878906,56.79999923706055,56.900001525878906,56.900001525878906,1141000,0.0,0.0,0.0,0.0,0.0,0.0
2021-08-18,56.400001525878906,58.59999847412109,56.400001525878906,58.59999847412109,58.59999847412109,805000,0.0,0.0,0.0,0.0,0.0,0.0
2021-08-19,57.900001525878906,58.5,56.70000076293945,56.70000076293945,56.70000076293945,368000,0.0,0.0,0.0,0.0,0.0,0.0
2021-08-20,56.79999923706055,58.400001525878906,56.5,57.79999923706055,57.79999923706055,361000,0.0,0.0,0.0,0.0,0.0,0.0
2021-08-23,58.400001525878906,58.59999847412109,57.79999923706055,58.5,58.5,281000,0.0,0.0,0.0,0.0,0.0,0.0
2021-08-24,58.900001525878906,58.900001525878906,57.5,57.5,57.5,395000,0.0,0.0,0.0,0.0,0.0,0.0
2021-08-25,57.5,58.900001525878906,57.5,58.400001525878906,58.400001525878906,302000,0.0,0.0,0.0,0.0,0.0,0.0
2021-08-26,58.400001525878906,58.5,57.900001525878906,58.5,58.5,207000,0.0,0.0,0.0,0.0,0.0,0.0
2021-08-27,58.5,58.900001525878906,58.20000076293945,58.5,58.5,152000,0.0,0.0,0.0,0.0,0.0,0.0
2021-08-30,58.59999847412109,59.09999847412109,58.29999923706055,58.900001525878906,58.900001525878906,198000,0.0,0.0,0.0,0.0,0.0,0.0
2021-08-31,59.0,59.79999923706055,58.5,58.59999847412109,58.59999847412109,273000,0.0,0.0,0.0,0.0,0.0,0.0
2021-09-01,58.59999847412109,59.0,58.20000076293945,58.29999923706055,58.29999923706055,270000,0.0,0.0,0.0,0.0,0.0,0.0
2021-09-02,58.400001525878906,58.79999923706055,57.5,57.5,57.5,292000,0.0,0.0,0.0,0.0,0.0,0.0
2021-09-03,57.59999847412109,58.29999923706055,57.59999847412109,57.79999923706055,57.79999923706055,144000,0.0,0.0,0.0,0.0,0.0,0.0
2021-09-06,58.59999847412109,59.29999923706055,58.09999847412109,58.20000076293945,58.20000076293945,530000,0.0,0.0,0.0,0.0,0.0,0.0
2021-09-07,58.29999923706055,58.5,57.400001525878906,57.70000076293945,57.70000076293945,333000,0.0,0.0,0.0,0.0,0.0,0.0
2021-09-08,57.59999847412109,57.900001525878906,56.70000076293945,57.0,57.0,446000,0.0,0.0,0.0,0.0,0.0,0.0
2021-09-09,57.29999923706055,57.5,56.900001525878906,57.5,57.5,180000,0.0,0.0,0.0,0.0,0.0,0.0
2021-09-10,57.29999923706055,57.79999923706055,57.09999847412109,57.59999847412109,57.59999847412109,200000,0.0,0.0,0.0,0.0,0.0,0.0
2021-09-13,57.400001525878906,57.59999847412109,57.20000076293945,57.29999923706055,57.29999923706055,218000,0.0,0.0,0.0,0.0,0.0,0.0
2021-09-14,57.29999923706055,57.29999923706055,56.900001525878906,57.0,57.0,163000,0.0,0.0,0.0,0.0,0.0,0.0
2021-09-15,57.20000076293945,57.20000076293945,56.59999847412109,56.70000076293945,56.70000076293945,173000,0.0,0.0,0.0,0.0,0.0,0.0
2021-09-16,57.0,57.29999923706055,56.79999923706055,56.900001525878906,56.900001525878906,111000,0.0,0.0,0.0,0.0,0.0,0.0
2021-09-17,56.79999923706055,57.0,56.59999847412109,56.79999923706055,56.79999923706055,164000,0.0,0.0,0.0,0.0,0.0,0.0
2021-09-22,56.09999847412109,56.5,55.79999923706055,56.20000076293945,56.20000076293945,268000,0.0,0.0,0.0,0.0,0.0,0.0
2021-09-23,56.400001525878906,56.79999923706055,56.400001525878906,56.70000076293945,56.70000076293945,86000,0.0,0.0,0.0,0.0,0.0,0.0
2021-09-24,56.900001525878906,57.20000076293945,56.59999847412109,56.79999923706055,56.79999923706055,134000,0.0,0.0,0.0,0.0,0.0,0.0
2021-09-27,57.09999847412109,57.59999847412109,56.900001525878906,57.20000076293945,57.20000076293945,167000,0.0,0.0,0.0,0.0,0.0,0.0
2021-09-28,57.59999847412109,58.0,57.09999847412109,57.900001525878906,57.900001525878906,237000,0.0,0.0,0.0,0.0,0.0,0.0
2021-09-29,57.0,57.400001525878906,56.79999923706055,56.900001525878906,56.900001525878906,234000,0.0,0.0,0.0,0.0,0.0,0.0
2021-09-30,57.20000076293945,57.20000076293945,56.400001525878906,57.09999847412109,57.09999847412109,133000,0.0,0.0,0.0,0.0,0.0,0.0
2021-10-01,56.400001525878906,56.79999923706055,56.0,56.0,56.0,355000,0.0,0.0,0.0,0.0,0.0,0.0
2021-10-04,56.20000076293945,56.29999923706055,54.5,54.70000076293945,54.70000076293945,579000,0.0,0.0,0.0,0.0,0.0,0.0
2021-10-05,54.59999847412109,55.09999847412109,53.70000076293945,55.09999847412109,55.09999847412109,152000,0.0,0.0,0.0,0.0,0.0,0.0
2021-10-06,54.0,54.20000076293945,53.20000076293945,53.5,53.5,579000,0.0,0.0,0.0,0.0,0.0,0.0
2021-10-07,53.70000076293945,54.400001525878906,53.70000076293945,54.09999847412109,54.09999847412109,185000,0.0,0.0,0.0,0.0,0.0,0.0
2021-10-08,54.09999847412109,54.70000076293945,54.0,54.09999847412109,54.09999847412109,61000,0.0,0.0,0.0,0.0,0.0,0.0
2021-10-12,54.09999847412109,54.09999847412109,52.20000076293945,52.59999847412109,52.59999847412109,605000,0.0,0.0,0.0,0.0,0.0,0.0
2021-10-13,53.09999847412109,53.09999847412109,51.79999923706055,52.09999847412109,52.09999847412109,238000,0.0,0.0,0.0,0.0,0.0,0.0
2021-10-14,52.09999847412109,52.59999847412109,51.900001525878906,52.29999923706055,52.29999923706055,110000,0.0,0.0,0.0,0.0,0.0,0.0
2021-10-15,52.70000076293945,53.0,52.70000076293945,52.70000076293945,52.70000076293945,68000,0.0,0.0,0.0,0.0,0.0,0.0
2021-10-18,53.0,53.0,52.59999847412109,52.70000076293945,52.70000076293945,88000,0.0,0.0,0.0,0.0,0.0,0.0
2021-10-19,52.900001525878906,53.70000076293945,52.900001525878906,53.400001525878906,53.400001525878906,84000,0.0,0.0,0.0,0.0,0.0,0.0
2021-10-20,53.79999923706055,53.79999923706055,53.29999923706055,53.400001525878906,53.400001525878906,92000,0.0,0.0,0.0,0.0,0.0,0.0
2021-10-21,53.400001525878906,53.79999923706055,53.29999923706055,53.59999847412109,53.59999847412109,99000,0.0,0.0,0.0,0.0,0.0,0.0
2021-10-22,54.0,54.0,53.5,53.70000076293945,53.70000076293945,66000,0.0,0.0,0.0,0.0,0.0,0.0
2021-10-25,54.29999923706055,54.5,53.5,54.29999923706055,54.29999923706055,201000,0.0,0.0,0.0,0.0,0.0,0.0
2021-10-26,54.5,55.0,54.5,54.79999923706055,54.79999923706055,271000,0.0,0.0,0.0,0.0,0.0,0.0
2021-10-27,54.400001525878906,55.5,54.400001525878906,55.5,55.5,202000,0.0,0.0,0.0,0.0,0.0,0.0
2021-10-28,54.900001525878906,55.79999923706055,54.900001525878906,55.59999847412109,55.59999847412109,218000,0.0,0.0,0.0,0.0,0.0,0.0
2021-10-29,55.79999923706055,56.0,55.09999847412109,55.79999923706055,55.79999923706055,195000,0.0,0.0,0.0,0.0,0.0,0.0
2021-11-01,55.900001525878906,55.900001525878906,55.0,55.5,55.5,471000,0.0,0.0,0.0,0.0,0.0,0.0
2021-11-02,55.70000076293945,55.79999923706055,54.79999923706055,55.09999847412109,55.09999847412109,244000,0.0,0.0,0.0,0.0,0.0,0.0
2021-11-03,55.20000076293945,55.70000076293945,55.20000076293945,55.29999923706055,55.29999923706055,150000,0.0,0.0,0.0,0.0,0.0,0.0
2021-11-04,52.5,53.29999923706055,52.5,53.0,53.0,1212000,0.0,0.0,0.0,0.0,0.0,0.0
2021-11-05,53.09999847412109,53.29999923706055,52.900001525878906,53.29999923706055,53.29999923706055,107000,0.0,0.0,0.0,0.0,0.0,0.0
2021-11-08,53.0,53.400001525878906,52.79999923706055,53.0,53.0,121000,0.0,0.0,0.0,0.0,0.0,0.0
2021-11-09,52.900001525878906,53.20000076293945,52.900001525878906,53.09999847412109,53.09999847412109,110000,0.0,0.0,0.0,0.0,0.0,0.0
2021-11-10,53.29999923706055,53.29999923706055,53.0,53.09999847412109,53.09999847412109,101000,0.0,0.0,0.0,0.0,0.0,0.0
2021-11-11,53.0,53.0,52.5,52.79999923706055,52.79999923706055,173000,0.0,0.0,0.0,0.0,0.0,0.0
2021-11-12,53.20000076293945,53.59999847412109,53.0,53.09999847412109,53.09999847412109,135000,0.0,0.0,0.0,0.0,0.0,0.0
2021-11-15,53.09999847412109,53.79999923706055,53.09999847412109,53.70000076293945,53.70000076293945,100000,0.0,0.0,0.0,0.0,0.0,0.0
2021-11-16,53.5,54.5,53.5,54.20000076293945,54.20000076293945,255000,0.0,0.0,0.0,0.0,0.0,0.0
2021-11-17,54.20000076293945,54.29999923706055,53.70000076293945,54.20000076293945,54.20000076293945,103000,0.0,0.0,0.0,0.0,0.0,0.0
2021-11-18,54.29999923706055,54.59999847412109,54.29999923706055,54.59999847412109,54.59999847412109,119000,0.0,0.0,0.0,0.0,0.0,0.0
2021-11-19,54.79999923706055,54.79999923706055,54.0,54.0,54.0,176000,0.0,0.0,0.0,0.0,0.0,0.0
2021-11-22,53.70000076293945,54.400001525878906,53.70000076293945,54.29999923706055,54.29999923706055,88000,0.0,0.0,0.0,0.0,0.0,0.0
2021-11-23,54.5,54.5,53.70000076293945,53.70000076293945,53.70000076293945,121000,0.0,0.0,0.0,0.0,0.0,0.0
2021-11-24,53.70000076293945,54.0,53.70000076293945,54.0,54.0,62000,0.0,0.0,0.0,0.0,0.0,0.0
2021-11-25,54.0,54.0,53.59999847412109,53.59999847412109,53.59999847412109,70000,0.0,0.0,0.0,0.0,0.0,0.0
2021-11-26,53.70000076293945,53.79999923706055,52.900001525878906,53.5,53.5,126000,0.0,0.0,0.0,0.0,0.0,0.0
2021-11-29,53.0,53.29999923706055,52.70000076293945,53.0,53.0,91000,0.0,0.0,0.0,0.0,0.0,0.0
2021-11-30,53.29999923706055,53.5,53.29999923706055,53.5,53.5,62000,0.0,0.0,0.0,0.0,0.0,0.0
2021-12-01,53.5,53.900001525878906,53.5,53.79999923706055,53.79999923706055,57000,0.0,0.0,0.0,0.0,0.0,0.0
2021-12-02,53.79999923706055,54.0,53.29999923706055,53.5,53.5,89000,0.0,0.0,0.0,0.0,0.0,0.0
2021-12-03,53.5,53.900001525878906,53.5,53.79999923706055,53.79999923706055,47000,0.0,0.0,0.0,0.0,0.0,0.0
2021-12-06,54.20000076293945,55.29999923706055,54.09999847412109,54.79999923706055,54.79999923706055,289000,0.0,0.0,0.0,0.0,0.0,0.0
2021-12-07,54.900001525878906,54.900001525878906,54.20000076293945,54.5,54.5,136000,0.0,0.0,0.0,0.0,0.0,0.0
2021-12-08,54.79999923706055,54.79999923706055,54.20000076293945,54.400001525878906,54.400001525878906,99000,0.0,0.0,0.0,0.0,0.0,0.0
2021-12-09,54.79999923706055,54.79999923706055,54.29999923706055,54.5,54.5,101000,0.0,0.0,0.0,0.0,0.0,0.0
2021-12-10,54.5,54.5,53.900001525878906,54.0,54.0,120000,0.0,0.0,0.0,0.0,0.0,0.0
2021-12-13,54.0,54.29999923706055,54.0,54.0,54.0,52000,0.0,0.0,0.0,0.0,0.0,0.0
2021-12-14,53.70000076293945,53.900001525878906,53.400001525878906,53.400001525878906,53.400001525878906,112000,0.0,0.0,0.0,0.0,0.0,0.0
2021-12-15,53.29999923706055,53.70000076293945,53.29999923706055,53.29999923706055,53.29999923706055,74000,0.0,0.0,0.0,0.0,0.0,0.0
2021-12-16,53.5,54.29999923706055,53.5,53.70000076293945,53.70000076293945,104000,0.0,0.0,0.0,0.0,0.0,0.0
2021-12-17,53.70000076293945,53.900001525878906,53.20000076293945,53.20000076293945,53.20000076293945,111000,0.0,0.0,0.0,0.0,0.0,0.0
2021-12-20,53.5,53.900001525878906,53.20000076293945,53.400001525878906,53.400001525878906,66000,0.0,0.0,0.0,0.0,0.0,0.0
2021-12-21,53.400001525878906,53.70000076293945,53.09999847412109,53.400001525878906,53.400001525878906,66000,0.0,0.0,0.0,0.0,0.0,0.0
2021-12-22,54.79999923706055,54.79999923706055,53.70000076293945,54.20000076293945,54.20000076293945,96000,0.0,0.0,0.0,0.0,0.0,0.0
2021-12-23,54.20000076293945,54.20000076293945,53.79999923706055,53.900001525878906,53.900001525878906,90000,0.0,0.0,0.0,0.0,0.0,0.0
2021-12-24,53.900001525878906,53.900001525878906,53.70000076293945,53.79999923706055,53.79999923706055,86000,0.0,0.0,0.0,0.0,0.0,0.0
2021-12-27,54.0,54.0,53.79999923706055,53.900001525878906,53.900001525878906,81000,0.0,0.0,0.0,0.0,0.0,0.0
2021-12-28,54.09999847412109,54.29999923706055,54.0,54.0,54.0,104000,0.0,0.0,0.0,0.0,0.0,0.0
2021-12-29,54.0,54.900001525878906,53.79999923706055,54.70000076293945,54.70000076293945,221000,0.0,0.0,0.0,0.0,0.0,0.0
2021-12-30,54.79999923706055,55.70000076293945,54.59999847412109,55.5,55.5,370000,0.0,0.0,0.0,0.0,0.0,0.0
2022-01-03,55.900001525878906,57.09999847412109,55.59999847412109,56.900001525878906,56.900001525878906,499000,0.0,0.0,0.0,0.0,0.0,0.0
2022-01-04,57.29999923706055,57.29999923706055,56.09999847412109,56.20000076293945,56.20000076293945,436000,0.0,0.0,0.0,0.0,0.0,0.0
2022-01-05,56.20000076293945,56.5,55.59999847412109,56.0,56.0,132000,0.0,0.0,0.0,0.0,0.0,0.0
2022-01-06,55.70000076293945,55.900001525878906,55.29999923706055,55.5,55.5,122000,0.0,0.0,0.0,0.0,0.0,0.0
2022-01-07,55.5,55.59999847412109,54.59999847412109,54.59999847412109,54.59999847412109,127000,0.0,0.0,0.0,0.0,0.0,0.0
2022-01-10,54.59999847412109,54.59999847412109,53.59999847412109,54.5,54.5,126000,0.0,0.0,0.0,0.0,0.0,0.0
2022-01-11,54.59999847412109,55.20000076293945,54.59999847412109,55.09999847412109,55.09999847412109,92000,0.0,0.0,0.0,0.0,0.0,0.0
2022-01-12,55.09999847412109,55.79999923706055,55.0,55.79999923706055,55.79999923706055,148000,0.0,0.0,0.0,0.0,0.0,0.0
2022-01-13,55.79999923706055,56.79999923706055,55.79999923706055,56.20000076293945,56.20000076293945,197000,0.0,0.0,0.0,0.0,0.0,0.0
2022-01-14,56.0,56.09999847412109,55.400001525878906,56.09999847412109,56.09999847412109,150000,0.0,0.0,0.0,0.0,0.0,0.0
2022-01-17,56.09999847412109,56.20000076293945,55.09999847412109,56.0,56.0,110000,0.0,0.0,0.0,0.0,0.0,0.0
2022-01-18,56.0,56.20000076293945,55.79999923706055,56.09999847412109,56.09999847412109,137000,0.0,0.0,0.0,0.0,0.0,0.0
2022-01-19,56.0,56.5,55.59999847412109,56.0,56.0,106000,0.0,0.0,0.0,0.0,0.0,0.0
2022-01-20,56.09999847412109,56.59999847412109,55.70000076293945,55.900001525878906,55.900001525878906,105000,0.0,0.0,0.0,0.0,0.0,0.0
2022-01-21,55.900001525878906,55.900001525878906,54.79999923706055,54.79999923706055,54.79999923706055,237000,0.0,0.0,0.0,0.0,0.0,0.0
2022-01-24,54.59999847412109,54.900001525878906,53.59999847412109,54.900001525878906,54.900001525878906,176000,0.0,0.0,0.0,0.0,0.0,0.0
2022-01-25,54.0,54.900001525878906,54.0,54.400001525878906,54.400001525878906,115000,0.0,0.0,0.0,0.0,0.0,0.0
2022-01-26,54.400001525878906,54.900001525878906,53.70000076293945,54.0,54.0,242000,0.0,0.0,0.0,0.0,0.0,0.0
2022-02-07,54.20000076293945,54.79999923706055,54.20000076293945,54.59999847412109,54.59999847412109,64000,0.0,0.0,0.0,0.0,0.0,0.0
2022-02-08,54.79999923706055,55.5,54.79999923706055,55.5,55.5,72000,0.0,0.0,0.0,0.0,0.0,0.0
2022-02-09,55.400001525878906,56.0,55.400001525878906,55.70000076293945,55.70000076293945,112000,0.0,0.0,0.0,0.0,0.0,0.0
2022-02-10,55.70000076293945,56.0,55.70000076293945,55.79999923706055,55.79999923706055,63000,0.0,0.0,0.0,0.0,0.0,0.0
2022-02-11,56.29999923706055,56.70000076293945,56.20000076293945,56.5,56.5,232000,0.0,0.0,0.0,0.0,0.0,0.0
2022-02-14,55.20000076293945,55.59999847412109,55.0,55.29999923706055,55.29999923706055,169000,0.0,0.0,0.0,0.0,0.0,0.0
2022-02-15,55.20000076293945,55.29999923706055,55.0,55.0,55.0,82000,0.0,0.0,0.0,0.0,0.0,0.0
2022-02-16,55.5,56.09999847412109,55.29999923706055,55.400001525878906,55.400001525878906,85000,0.0,0.0,0.0,0.0,0.0,0.0
2022-02-17,55.59999847412109,55.59999847412109,55.0,55.09999847412109,55.09999847412109,48000,0.0,0.0,0.0,0.0,0.0,0.0
2022-02-18,55.0,55.20000076293945,54.900001525878906,55.09999847412109,55.09999847412109,61000,0.0,0.0,0.0,0.0,0.0,0.0
2022-02-21,55.09999847412109,55.400001525878906,54.900001525878906,55.29999923706055,55.29999923706055,105000,0.0,0.0,0.0,0.0,0.0,0.0
2022-02-22,55.20000076293945,55.400001525878906,54.59999847412109,54.79999923706055,54.79999923706055,152000,0.0,0.0,0.0,0.0,0.0,0.0
2022-02-23,54.70000076293945,55.0,54.70000076293945,54.900001525878906,54.900001525878906,53000,0.0,0.0,0.0,0.0,0.0,0.0
2022-02-24,54.79999923706055,55.0,54.0,54.09999847412109,54.09999847412109,258000,0.0,0.0,0.0,0.0,0.0,0.0
2022-02-25,54.09999847412109,54.400001525878906,54.0,54.400001525878906,54.400001525878906,108000,0.0,0.0,0.0,0.0,0.0,0.0
2022-03-01,54.20000076293945,54.70000076293945,54.20000076293945,54.5,54.5,96000,0.0,0.0,0.0,0.0,0.0,0.0
2022-03-02,54.5,54.900001525878906,54.400001525878906,54.900001525878906,54.900001525878906,56000,0.0,0.0,0.0,0.0,0.0,0.0
2022-03-03,54.79999923706055,55.59999847412109,54.70000076293945,55.400001525878906,55.400001525878906,59000,0.0,0.0,0.0,0.0,0.0,0.0
2022-03-04,54.79999923706055,55.59999847412109,54.79999923706055,55.5,55.5,87000,0.0,0.0,0.0,0.0,0.0,0.0
2022-03-07,56.09999847412109,56.20000076293945,55.5,55.900001525878906,55.900001525878906,402000,0.0,0.0,0.0,0.0,0.0,0.0
2022-03-08,55.79999923706055,56.20000076293945,55.5,55.5,55.5,288000,0.0,0.0,0.0,0.0,0.0,0.0
2022-03-09,55.59999847412109,56.29999923706055,55.59999847412109,56.20000076293945,56.20000076293945,196000,0.0,0.0,0.0,0.0,0.0,0.0
2022-03-10,56.400001525878906,56.70000076293945,56.29999923706055,56.29999923706055,56.29999923706055,118000,0.0,0.0,0.0,0.0,0.0,0.0
2022-03-11,56.29999923706055,56.70000076293945,56.29999923706055,56.29999923706055,56.29999923706055,122000,0.0,0.0,0.0,0.0,0.0,0.0
2022-03-14,56.5,56.59999847412109,56.20000076293945,56.29999923706055,56.29999923706055,86000,0.0,0.0,0.0,0.0,0.0,0.0
2022-03-15,56.09999847412109,56.09999847412109,55.59999847412109,55.70000076293945,55.70000076293945,80000,0.0,0.0,0.0,0.0,0.0,0.0
2022-03-16,55.79999923706055,55.900001525878906,55.5,55.79999923706055,55.79999923706055,62000,0.0,0.0,0.0,0.0,0.0,0.0
2022-03-17,56.400001525878906,56.400001525878906,55.70000076293945,56.09999847412109,56.09999847412109,135000,0.0,0.0,0.0,0.0,0.0,0.0
2022-03-18,56.400001525878906,56.70000076293945,56.09999847412109,56.5,56.5,131000,0.0,0.0,0.0,0.0,0.0,0.0
2022-03-21,56.900001525878906,57.20000076293945,56.79999923706055,56.900001525878906,56.900001525878906,136000,0.0,0.0,0.0,0.0,0.0,0.0
2022-03-22,57.0,57.20000076293945,57.0,57.20000076293945,57.20000076293945,168000,0.0,0.0,0.0,0.0,0.0,0.0
2022-03-23,57.29999923706055,57.400001525878906,56.79999923706055,57.0,57.0,156000,0.0,0.0,0.0,0.0,0.0,0.0
2022-03-24,56.900001525878906,57.0,56.70000076293945,56.900001525878906,56.900001525878906,75000,0.0,0.0,0.0,0.0,0.0,0.0
2022-03-25,57.29999923706055,57.29999923706055,56.900001525878906,57.0,57.0,107000,0.0,0.0,0.0,0.0,0.0,0.0
2022-03-28,57.0,57.09999847412109,56.70000076293945,56.900001525878906,56.900001525878906,82000,0.0,0.0,0.0,0.0,0.0,0.0
2022-03-29,57.0,57.29999923706055,56.70000076293945,56.900001525878906,56.900001525878906,143000,0.0,0.0,0.0,0.0,0.0,0.0
2022-03-30,56.900001525878906,57.09999847412109,56.29999923706055,56.5,56.5,175000,0.0,0.0,0.0,0.0,0.0,0.0
2022-03-31,56.79999923706055,56.79999923706055,55.900001525878906,55.900001525878906,55.900001525878906,193000,0.0,0.0,0.0,0.0,0.0,0.0
2022-04-01,56.0,56.0,55.79999923706055,55.900001525878906,55.900001525878906,79000,0.0,0.0,0.0,0.0,0.0,0.0
2022-04-06,55.79999923706055,56.09999847412109,55.79999923706055,55.900001525878906,55.900001525878906,124000,0.0,0.0,0.0,0.0,0.0,0.0
2022-04-07,56.900001525878906,57.09999847412109,56.20000076293945,56.400001525878906,56.400001525878906,337000,0.0,0.0,0.0,0.0,0.0,0.0
2022-04-08,57.0,57.29999923706055,56.900001525878906,57.20000076293945,57.20000076293945,274000,0.0,0.0,0.0,0.0,0.0,0.0
2022-04-11,57.5,57.70000076293945,56.29999923706055,56.79999923706055,56.79999923706055,246000,0.0,0.0,0.0,0.0,0.0,0.0
2022-04-12,57.09999847412109,57.29999923706055,56.29999923706055,56.59999847412109,56.59999847412109,139000,0.0,0.0,0.0,0.0,0.0,0.0
2022-04-13,56.70000076293945,57.09999847412109,56.59999847412109,57.09999847412109,57.09999847412109,210000,0.0,0.0,0.0,0.0,0.0,0.0
2022-04-14,57.09999847412109,57.20000076293945,56.70000076293945,56.70000076293945,56.70000076293945,73000,0.0,0.0,0.0,0.0,0.0,0.0
2022-04-15,56.59999847412109,57.5,56.29999923706055,57.29999923706055,57.29999923706055,170000,0.0,0.0,0.0,0.0,0.0,0.0
2022-04-18,57.20000076293945,57.59999847412109,57.0,57.20000076293945,57.20000076293945,192781,0.0,0.0,0.0,0.0,0.0,0.0
