Date,Open,High,Low,Close,Adj Close,Volume,foreign_buy,foreign_sell,investment_trust_buy,investment_trust_sell,self_buy,self_sell
2020-01-02,9.510000228881836,9.539999961853027,9.479999542236328,9.5,8.72751235961914,82000,0.0,0.0,0.0,0.0,0.0,0.0
2020-01-03,9.5,9.539999961853027,9.470000267028809,9.470000267028809,8.699952125549316,119302,0.0,0.0,0.0,0.0,0.0,0.0
2020-01-06,9.4399995803833,9.510000228881836,9.300000190734863,9.300000190734863,8.54377555847168,111000,0.0,0.0,0.0,0.0,0.0,0.0
2020-01-07,9.5,9.5,9.359999656677246,9.369999885559082,8.608083724975586,45000,0.0,0.0,0.0,0.0,0.0,0.0
2020-01-08,9.3100004196167,9.390000343322754,9.300000190734863,9.31999969482422,8.562148094177246,112000,0.0,0.0,0.0,0.0,0.0,0.0
2020-01-09,9.329999923706056,9.449999809265137,9.300000190734863,9.359999656677246,8.598895072937012,66000,0.0,0.0,0.0,0.0,0.0,0.0
2020-01-10,9.399999618530272,9.449999809265137,9.300000190734863,9.300000190734863,8.54377555847168,95000,0.0,0.0,0.0,0.0,0.0,0.0
2020-01-13,9.300000190734863,9.4399995803833,9.210000038146973,9.229999542236328,8.479466438293457,85000,0.0,0.0,0.0,0.0,0.0,0.0
2020-01-14,9.210000038146973,9.329999923706056,9.170000076293944,9.170000076293944,8.424345970153809,237000,0.0,0.0,0.0,0.0,0.0,0.0
2020-01-15,9.220000267028809,9.220000267028809,9.149999618530272,9.15999984741211,8.41515827178955,105000,0.0,0.0,0.0,0.0,0.0,0.0
2020-01-16,9.149999618530272,9.239999771118164,9.140000343322754,9.140000343322754,8.396785736083984,78000,0.0,0.0,0.0,0.0,0.0,0.0
2020-01-17,9.170000076293944,9.239999771118164,9.170000076293944,9.1899995803833,8.442719459533691,99283,0.0,0.0,0.0,0.0,0.0,0.0
2020-01-20,9.289999961853027,9.4399995803833,9.199999809265137,9.3100004196167,8.552962303161621,268507,0.0,0.0,0.0,0.0,0.0,0.0
2020-01-30,8.430000305175781,8.779999732971191,8.380000114440918,8.5,7.808826446533203,578000,0.0,0.0,0.0,0.0,0.0,0.0
2020-01-31,8.050000190734863,8.420000076293945,8.050000190734863,8.420000076293945,7.7353315353393555,175342,0.0,0.0,0.0,0.0,0.0,0.0
2020-02-03,8.390000343322754,8.390000343322754,8.130000114440918,8.140000343322754,7.478100299835205,240000,0.0,0.0,0.0,0.0,0.0,0.0
2020-02-04,8.140000343322754,8.369999885559082,8.140000343322754,8.170000076293945,7.505660533905029,165000,0.0,0.0,0.0,0.0,0.0,0.0
2020-02-05,8.260000228881836,8.34000015258789,8.210000038146973,8.220000267028809,7.551595211029053,115000,0.0,0.0,0.0,0.0,0.0,0.0
2020-02-06,8.279999732971191,8.390000343322754,8.220000267028809,8.220000267028809,7.551595211029053,126000,0.0,0.0,0.0,0.0,0.0,0.0
2020-02-07,8.369999885559082,8.399999618530273,8.25,8.380000114440918,7.69858455657959,77136,0.0,0.0,0.0,0.0,0.0,0.0
2020-02-10,8.399999618530273,9.100000381469728,8.380000114440918,8.899999618530273,8.176301002502441,435344,0.0,0.0,0.0,0.0,0.0,0.0
2020-02-11,9.270000457763672,9.270000457763672,8.899999618530273,8.920000076293945,8.194674491882324,260000,0.0,0.0,0.0,0.0,0.0,0.0
2020-02-12,9.0,9.0,8.899999618530273,8.920000076293945,8.194674491882324,142000,0.0,0.0,0.0,0.0,0.0,0.0
2020-02-13,9.229999542236328,9.229999542236328,8.869999885559082,8.930000305175781,8.203862190246582,140000,0.0,0.0,0.0,0.0,0.0,0.0
2020-02-14,8.899999618530273,8.920000076293945,8.770000457763672,8.84000015258789,8.121179580688477,126241,0.0,0.0,0.0,0.0,0.0,0.0
2020-02-17,8.84000015258789,8.84000015258789,8.699999809265137,8.770000457763672,8.056872367858887,109000,0.0,0.0,0.0,0.0,0.0,0.0
2020-02-18,8.649999618530273,8.680000305175781,8.5,8.520000457763672,7.82720136642456,197000,0.0,0.0,0.0,0.0,0.0,0.0
2020-02-19,8.600000381469727,8.600000381469727,8.40999984741211,8.529999732971191,7.8363871574401855,98000,0.0,0.0,0.0,0.0,0.0,0.0
2020-02-20,8.529999732971191,8.5600004196167,8.449999809265137,8.449999809265137,7.762892246246338,94000,0.0,0.0,0.0,0.0,0.0,0.0
2020-02-21,8.40999984741211,8.489999771118164,8.40999984741211,8.430000305175781,7.744519233703613,61245,0.0,0.0,0.0,0.0,0.0,0.0
2020-02-24,8.420000076293945,8.430000305175781,8.300000190734863,8.350000381469727,7.671024322509766,71000,0.0,0.0,0.0,0.0,0.0,0.0
2020-02-25,8.34000015258789,8.34000015258789,8.260000228881836,8.3100004196167,7.634276866912842,38000,0.0,0.0,0.0,0.0,0.0,0.0
2020-02-26,8.229999542236328,8.279999732971191,8.210000038146973,8.270000457763672,7.597529411315918,70000,0.0,0.0,0.0,0.0,0.0,0.0
2020-02-27,8.260000228881836,8.260000228881836,8.109999656677246,8.119999885559082,7.459726333618164,120000,0.0,0.0,0.0,0.0,0.0,0.0
2020-03-02,8.029999732971191,8.109999656677246,8.029999732971191,8.029999732971191,7.377044200897217,136000,0.0,0.0,0.0,0.0,0.0,0.0
2020-03-03,8.279999732971191,8.279999732971191,8.100000381469727,8.180000305175781,7.514847755432129,46000,0.0,0.0,0.0,0.0,0.0,0.0
2020-03-04,8.1899995803833,8.1899995803833,8.0,8.050000190734863,7.395418167114258,243000,0.0,0.0,0.0,0.0,0.0,0.0
2020-03-05,8.119999885559082,8.130000114440918,8.0,8.050000190734863,7.395418167114258,222000,0.0,0.0,0.0,0.0,0.0,0.0
2020-03-06,8.079999923706055,8.079999923706055,8.010000228881836,8.020000457763672,7.367857933044434,94000,0.0,0.0,0.0,0.0,0.0,0.0
2020-03-09,8.020000457763672,8.039999961853027,7.800000190734863,7.800000190734863,7.165747165679932,137000,0.0,0.0,0.0,0.0,0.0,0.0
2020-03-10,7.800000190734863,7.800000190734863,7.550000190734863,7.789999961853027,7.156559944152832,202000,0.0,0.0,0.0,0.0,0.0,0.0
2020-03-11,7.75,7.980000019073486,7.75,7.75,7.119812488555908,83000,0.0,0.0,0.0,0.0,0.0,0.0
2020-03-12,7.570000171661377,7.599999904632568,7.099999904632568,7.389999866485596,6.789085865020752,197000,0.0,0.0,0.0,0.0,0.0,0.0
2020-03-13,7.389999866485596,7.389999866485596,7.389999866485596,7.389999866485596,6.789085865020752,0,0.0,0.0,0.0,0.0,0.0,0.0
2020-03-16,6.71999979019165,6.809999942779541,6.46999979019165,6.610000133514404,6.072511196136475,135000,0.0,0.0,0.0,0.0,0.0,0.0
2020-03-17,6.349999904632568,6.349999904632568,5.989999771118164,6.0,5.512113094329834,409000,0.0,0.0,0.0,0.0,0.0,0.0
2020-03-18,6.0,6.0,6.0,6.0,5.512113094329834,0,0.0,0.0,0.0,0.0,0.0,0.0
2020-03-19,5.699999809265137,5.71999979019165,5.300000190734863,5.300000190734863,4.869033336639404,661000,0.0,0.0,0.0,0.0,0.0,0.0
2020-03-20,5.130000114440918,5.650000095367432,5.130000114440918,5.599999904632568,5.144638538360596,244000,0.0,0.0,0.0,0.0,0.0,0.0
2020-03-23,5.539999961853027,5.539999961853027,5.400000095367432,5.480000019073486,5.034396171569824,115000,0.0,0.0,0.0,0.0,0.0,0.0
2020-03-24,5.75,6.019999980926514,5.550000190734863,5.96999979019165,5.484552383422852,295000,0.0,0.0,0.0,0.0,0.0,0.0
2020-03-25,6.559999942779541,6.559999942779541,6.559999942779541,6.559999942779541,6.026576519012451,188000,0.0,0.0,0.0,0.0,0.0,0.0
2020-03-26,7.179999828338623,7.210000038146973,7.010000228881836,7.210000038146973,6.623722553253174,973000,0.0,0.0,0.0,0.0,0.0,0.0
2020-03-27,7.670000076293945,7.809999942779541,7.300000190734863,7.5,6.890141010284424,1083000,0.0,0.0,0.0,0.0,0.0,0.0
2020-03-30,7.489999771118164,7.489999771118164,7.269999980926514,7.360000133514404,6.7615251541137695,298000,0.0,0.0,0.0,0.0,0.0,0.0
2020-03-31,7.480000019073486,7.570000171661377,7.360000133514404,7.360000133514404,6.7615251541137695,176000,0.0,0.0,0.0,0.0,0.0,0.0
2020-04-01,7.320000171661377,7.579999923706055,7.320000171661377,7.480000019073486,6.871767520904541,144000,0.0,0.0,0.0,0.0,0.0,0.0
2020-04-06,7.449999809265137,7.550000190734863,7.409999847412109,7.460000038146973,6.853394031524658,253000,0.0,0.0,0.0,0.0,0.0,0.0
2020-04-07,7.5,7.699999809265137,7.5,7.650000095367432,7.027944087982178,347000,0.0,0.0,0.0,0.0,0.0,0.0
2020-04-08,7.610000133514404,7.710000038146973,7.599999904632568,7.690000057220459,7.064691066741943,283000,0.0,0.0,0.0,0.0,0.0,0.0
2020-04-09,7.889999866485596,7.96999979019165,7.78000020980835,7.96999979019165,7.321922779083252,286000,0.0,0.0,0.0,0.0,0.0,0.0
2020-04-10,7.900000095367432,8.100000381469727,7.849999904632568,8.050000190734863,7.395418167114258,260000,0.0,0.0,0.0,0.0,0.0,0.0
2020-04-13,8.0,8.130000114440918,7.909999847412109,8.100000381469727,7.441352844238281,129000,0.0,0.0,0.0,0.0,0.0,0.0
2020-04-14,8.050000190734863,8.399999618530273,8.050000190734863,8.380000114440918,7.69858455657959,292000,0.0,0.0,0.0,0.0,0.0,0.0
2020-04-15,8.380000114440918,8.600000381469727,8.380000114440918,8.5,7.808826446533203,212000,0.0,0.0,0.0,0.0,0.0,0.0
2020-04-16,8.5,8.59000015258789,8.399999618530273,8.579999923706055,7.882321357727051,168000,0.0,0.0,0.0,0.0,0.0,0.0
2020-04-17,8.619999885559082,8.970000267028809,8.619999885559082,8.819999694824219,8.102806091308594,454000,0.0,0.0,0.0,0.0,0.0,0.0
2020-04-20,8.949999809265137,8.960000038146973,8.600000381469727,8.819999694824219,8.102806091308594,339000,0.0,0.0,0.0,0.0,0.0,0.0
2020-04-21,8.869999885559082,8.869999885559082,8.300000190734863,8.720000267028809,8.010937690734863,251000,0.0,0.0,0.0,0.0,0.0,0.0
2020-04-22,8.600000381469727,9.59000015258789,8.579999923706055,9.579999923706056,8.801007270812988,1156000,0.0,0.0,0.0,0.0,0.0,0.0
2020-04-23,9.699999809265137,10.5,9.630000114440918,10.449999809265137,9.600263595581056,730000,0.0,0.0,0.0,0.0,0.0,0.0
2020-04-24,10.25,10.25,9.949999809265137,10.100000381469728,9.27872371673584,1691000,0.0,0.0,0.0,0.0,0.0,0.0
2020-04-27,10.199999809265137,10.350000381469728,9.649999618530272,9.68000030517578,8.892875671386719,1520000,0.0,0.0,0.0,0.0,0.0,0.0
2020-04-28,9.75,9.779999732971191,9.100000381469728,9.350000381469728,8.589709281921387,1453000,0.0,0.0,0.0,0.0,0.0,0.0
2020-04-29,9.359999656677246,9.539999961853027,9.300000190734863,9.3100004196167,8.552962303161621,748000,0.0,0.0,0.0,0.0,0.0,0.0
2020-04-30,9.34000015258789,9.369999885559082,9.199999809265137,9.229999542236328,8.479466438293457,620000,0.0,0.0,0.0,0.0,0.0,0.0
2020-05-04,9.1899995803833,9.489999771118164,9.0,9.300000190734863,8.54377555847168,1752000,0.0,0.0,0.0,0.0,0.0,0.0
2020-05-05,9.380000114440918,9.380000114440918,9.220000267028809,9.25,8.497840881347656,312000,0.0,0.0,0.0,0.0,0.0,0.0
2020-05-06,9.25,9.380000114440918,9.25,9.270000457763672,8.516214370727539,321000,0.0,0.0,0.0,0.0,0.0,0.0
2020-05-07,9.300000190734863,9.399999618530272,9.279999732971191,9.350000381469728,8.589709281921387,192000,0.0,0.0,0.0,0.0,0.0,0.0
2020-05-08,9.359999656677246,9.380000114440918,9.289999961853027,9.3100004196167,8.552962303161621,286000,0.0,0.0,0.0,0.0,0.0,0.0
2020-05-11,9.149999618530272,9.479999542236328,9.149999618530272,9.449999809265137,8.681577682495117,390000,0.0,0.0,0.0,0.0,0.0,0.0
2020-05-12,9.350000381469728,9.449999809265137,9.289999961853027,9.289999961853027,8.534588813781738,208000,0.0,0.0,0.0,0.0,0.0,0.0
2020-05-13,9.279999732971191,9.470000267028809,9.279999732971191,9.369999885559082,8.608083724975586,131000,0.0,0.0,0.0,0.0,0.0,0.0
2020-05-14,9.369999885559082,9.420000076293944,9.31999969482422,9.31999969482422,8.562148094177246,443000,0.0,0.0,0.0,0.0,0.0,0.0
2020-05-15,9.4399995803833,9.460000038146973,9.350000381469728,9.380000114440918,8.617270469665527,216000,0.0,0.0,0.0,0.0,0.0,0.0
2020-05-18,9.359999656677246,9.800000190734863,9.300000190734863,9.5,8.72751235961914,273000,0.0,0.0,0.0,0.0,0.0,0.0
2020-05-19,9.59000015258789,9.600000381469728,9.4399995803833,9.470000267028809,8.699952125549316,299000,0.0,0.0,0.0,0.0,0.0,0.0
2020-05-20,9.5,9.5,9.380000114440918,9.380000114440918,8.617270469665527,119000,0.0,0.0,0.0,0.0,0.0,0.0
2020-05-21,9.34000015258789,9.5,9.31999969482422,9.380000114440918,8.617270469665527,207000,0.0,0.0,0.0,0.0,0.0,0.0
2020-05-22,9.359999656677246,9.369999885559082,9.279999732971191,9.350000381469728,8.589709281921387,226000,0.0,0.0,0.0,0.0,0.0,0.0
2020-05-25,9.380000114440918,9.380000114440918,9.260000228881836,9.300000190734863,8.54377555847168,141000,0.0,0.0,0.0,0.0,0.0,0.0
2020-05-26,9.279999732971191,9.380000114440918,9.270000457763672,9.270000457763672,8.516214370727539,184000,0.0,0.0,0.0,0.0,0.0,0.0
2020-05-27,9.300000190734863,10.149999618530272,9.260000228881836,9.989999771118164,9.177667617797852,2199000,0.0,0.0,0.0,0.0,0.0,0.0
2020-05-28,10.100000381469728,10.100000381469728,9.649999618530272,9.800000190734863,9.003117561340332,763000,0.0,0.0,0.0,0.0,0.0,0.0
2020-05-29,9.800000190734863,9.970000267028809,9.699999809265137,9.970000267028809,9.159295082092283,246000,0.0,0.0,0.0,0.0,0.0,0.0
2020-06-01,10.0,10.100000381469728,9.949999809265137,9.970000267028809,9.159295082092283,246000,0.0,0.0,0.0,0.0,0.0,0.0
2020-06-02,9.979999542236328,10.149999618530272,9.9399995803833,9.9399995803833,9.131733894348145,472000,0.0,0.0,0.0,0.0,0.0,0.0
2020-06-03,9.989999771118164,10.0,9.93000030517578,9.9399995803833,9.131733894348145,115000,0.0,0.0,0.0,0.0,0.0,0.0
2020-06-04,9.9399995803833,10.0,9.93000030517578,9.949999809265137,9.140920639038086,127000,0.0,0.0,0.0,0.0,0.0,0.0
2020-06-05,10.0,10.050000190734863,9.869999885559082,9.880000114440918,9.07661247253418,417000,0.0,0.0,0.0,0.0,0.0,0.0
2020-06-08,9.949999809265137,10.0,9.859999656677246,9.9399995803833,9.131733894348145,343000,0.0,0.0,0.0,0.0,0.0,0.0
2020-06-09,9.9399995803833,10.100000381469728,9.9399995803833,10.0,9.186854362487791,506000,0.0,0.0,0.0,0.0,0.0,0.0
2020-06-10,9.9399995803833,10.149999618530272,9.93000030517578,9.9399995803833,9.131733894348145,355000,0.0,0.0,0.0,0.0,0.0,0.0
2020-06-11,9.9399995803833,10.25,9.720000267028809,9.720000267028809,8.929622650146484,1176000,0.0,0.0,0.0,0.0,0.0,0.0
2020-06-12,9.449999809265137,9.850000381469728,9.449999809265137,9.760000228881836,8.966370582580566,309000,0.0,0.0,0.0,0.0,0.0,0.0
2020-06-15,10.0,10.600000381469728,9.699999809265137,10.550000190734863,9.692131996154783,1641000,0.0,0.0,0.0,0.0,0.0,0.0
2020-06-16,10.600000381469728,11.600000381469728,10.300000190734863,11.399999618530272,10.473013877868652,10196000,0.0,0.0,0.0,0.0,0.0,0.0
2020-06-17,11.199999809265137,11.399999618530272,10.800000190734863,10.850000381469728,9.967738151550291,3175000,0.0,0.0,0.0,0.0,0.0,0.0
2020-06-18,11.0,11.899999618530272,10.949999809265137,11.899999618530272,10.93235683441162,5656000,0.0,0.0,0.0,0.0,0.0,0.0
2020-06-19,12.199999809265137,12.25,11.5,11.649999618530272,10.702685356140137,3616000,0.0,0.0,0.0,0.0,0.0,0.0
2020-06-22,11.600000381469728,11.649999618530272,10.75,10.850000381469728,9.967738151550291,2284000,0.0,0.0,0.0,0.0,0.0,0.0
2020-06-23,10.899999618530272,11.050000190734863,10.550000190734863,10.75,9.875868797302246,1027000,0.0,0.0,0.0,0.0,0.0,0.0
2020-06-24,10.850000381469728,11.649999618530272,10.850000381469728,11.199999809265137,10.289277076721191,1847000,0.0,0.0,0.0,0.0,0.0,0.0
2020-06-29,11.199999809265137,11.199999809265137,10.899999618530272,10.899999618530272,10.013671875,835000,0.0,0.0,0.0,0.0,0.0,0.0
2020-06-30,11.100000381469728,11.350000381469728,10.899999618530272,11.100000381469728,10.197409629821776,984000,0.0,0.0,0.0,0.0,0.0,0.0
2020-07-01,11.350000381469728,11.350000381469728,11.0,11.0,10.10554027557373,762000,0.0,0.0,0.0,0.0,0.0,0.0
2020-07-02,10.600000381469728,11.100000381469728,10.600000381469728,10.850000381469728,10.401034355163574,827000,0.0,0.0,0.0,0.0,0.0,0.0
2020-07-03,11.0,11.0,10.699999809265137,10.75,10.305171966552734,487000,0.0,0.0,0.0,0.0,0.0,0.0
2020-07-06,10.899999618530272,11.800000190734863,10.649999618530272,11.800000190734863,11.311723709106444,4852000,0.0,0.0,0.0,0.0,0.0,0.0
2020-07-07,11.800000190734863,12.199999809265137,11.050000190734863,11.25,10.784482955932615,3478000,0.0,0.0,0.0,0.0,0.0,0.0
2020-07-08,11.25,11.5,11.199999809265137,11.199999809265137,10.73655128479004,901000,0.0,0.0,0.0,0.0,0.0,0.0
2020-07-09,11.300000190734863,12.300000190734863,11.100000381469728,12.300000190734863,11.791034698486328,5270000,0.0,0.0,0.0,0.0,0.0,0.0
2020-07-10,12.25,13.5,11.5,13.5,12.941378593444824,9401000,0.0,0.0,0.0,0.0,0.0,0.0
2020-07-13,13.350000381469728,14.699999809265137,12.899999618530272,13.550000190734863,12.989310264587402,9458000,0.0,0.0,0.0,0.0,0.0,0.0
2020-07-14,13.550000190734863,14.449999809265137,13.149999618530272,13.199999809265137,12.65379238128662,4704000,0.0,0.0,0.0,0.0,0.0,0.0
2020-07-15,13.350000381469728,13.550000190734863,12.350000381469728,12.399999618530272,11.886896133422852,2651000,0.0,0.0,0.0,0.0,0.0,0.0
2020-07-16,12.550000190734863,13.5,12.199999809265137,13.100000381469728,12.557930946350098,5839000,0.0,0.0,0.0,0.0,0.0,0.0
2020-07-17,12.949999809265137,13.800000190734863,12.949999809265137,13.050000190734863,12.510000228881836,3997000,0.0,0.0,0.0,0.0,0.0,0.0
2020-07-20,13.050000190734863,13.350000381469728,12.649999618530272,12.800000190734863,12.270344734191896,1809000,0.0,0.0,0.0,0.0,0.0,0.0
2020-07-21,12.800000190734863,13.300000190734863,12.350000381469728,12.399999618530272,11.886896133422852,2674000,0.0,0.0,0.0,0.0,0.0,0.0
2020-07-22,12.449999809265137,12.75,12.25,12.600000381469728,12.078620910644531,1877000,0.0,0.0,0.0,0.0,0.0,0.0
2020-07-23,12.699999809265137,12.850000381469728,12.350000381469728,12.399999618530272,11.886896133422852,2438000,0.0,0.0,0.0,0.0,0.0,0.0
2020-07-24,12.399999618530272,12.5,12.050000190734863,12.050000190734863,11.551379203796388,745000,0.0,0.0,0.0,0.0,0.0,0.0
2020-07-27,12.149999618530272,12.300000190734863,11.399999618530272,11.399999618530272,10.928275108337402,3314000,0.0,0.0,0.0,0.0,0.0,0.0
2020-07-28,11.5,11.600000381469728,10.800000190734863,10.800000190734863,10.353103637695312,1072000,0.0,0.0,0.0,0.0,0.0,0.0
2020-07-29,10.649999618530272,11.350000381469728,10.649999618530272,11.199999809265137,10.73655128479004,937000,0.0,0.0,0.0,0.0,0.0,0.0
2020-07-30,11.350000381469728,11.75,11.350000381469728,11.600000381469728,11.119999885559082,972000,0.0,0.0,0.0,0.0,0.0,0.0
2020-07-31,11.399999618530272,12.399999618530272,11.350000381469728,12.199999809265137,11.695172309875488,1293000,0.0,0.0,0.0,0.0,0.0,0.0
2020-08-03,12.350000381469728,12.75,12.100000381469728,12.25,11.74310302734375,3437000,0.0,0.0,0.0,0.0,0.0,0.0
2020-08-04,12.100000381469728,12.399999618530272,12.100000381469728,12.350000381469728,11.83896541595459,1988000,0.0,0.0,0.0,0.0,0.0,0.0
2020-08-05,12.350000381469728,12.800000190734863,12.199999809265137,12.350000381469728,11.83896541595459,1672000,0.0,0.0,0.0,0.0,0.0,0.0
2020-08-06,12.600000381469728,12.600000381469728,12.0,12.0,11.503448486328123,1071000,0.0,0.0,0.0,0.0,0.0,0.0
2020-08-07,12.199999809265137,12.350000381469728,11.850000381469728,12.050000190734863,11.551379203796388,1237000,0.0,0.0,0.0,0.0,0.0,0.0
2020-08-10,12.25,13.25,12.25,13.199999809265137,12.65379238128662,8284000,0.0,0.0,0.0,0.0,0.0,0.0
2020-08-11,12.949999809265137,13.199999809265137,12.25,12.399999618530272,11.886896133422852,2655000,0.0,0.0,0.0,0.0,0.0,0.0
2020-08-12,12.949999809265137,13.300000190734863,12.649999618530272,12.899999618530272,12.366206169128418,3340000,0.0,0.0,0.0,0.0,0.0,0.0
2020-08-13,13.100000381469728,13.149999618530272,12.649999618530272,12.649999618530272,12.126550674438477,2251000,0.0,0.0,0.0,0.0,0.0,0.0
2020-08-14,12.850000381469728,13.050000190734863,12.600000381469728,12.850000381469728,12.318276405334473,1505000,0.0,0.0,0.0,0.0,0.0,0.0
2020-08-17,12.850000381469728,13.050000190734863,12.800000190734863,12.850000381469728,12.318276405334473,817000,0.0,0.0,0.0,0.0,0.0,0.0
2020-08-18,12.850000381469728,13.100000381469728,12.75,12.75,12.222413063049316,1397000,0.0,0.0,0.0,0.0,0.0,0.0
2020-08-19,12.800000190734863,13.0,12.449999809265137,12.550000190734863,12.030689239501951,1092000,0.0,0.0,0.0,0.0,0.0,0.0
2020-08-20,12.449999809265137,12.550000190734863,11.300000190734863,11.649999618530272,11.167930603027344,1990000,0.0,0.0,0.0,0.0,0.0,0.0
2020-08-21,11.850000381469728,12.25,11.850000381469728,12.050000190734863,11.551379203796388,745000,0.0,0.0,0.0,0.0,0.0,0.0
2020-08-24,12.100000381469728,12.199999809265137,12.0,12.050000190734863,11.551379203796388,405000,0.0,0.0,0.0,0.0,0.0,0.0
2020-08-25,12.199999809265137,12.75,12.149999618530272,12.550000190734863,12.030689239501951,1148000,0.0,0.0,0.0,0.0,0.0,0.0
2020-08-26,12.75,12.75,12.350000381469728,12.5,11.982758522033691,897000,0.0,0.0,0.0,0.0,0.0,0.0
2020-08-27,12.649999618530272,12.899999618530272,12.199999809265137,12.5,11.982758522033691,3325000,0.0,0.0,0.0,0.0,0.0,0.0
2020-08-28,12.5,13.300000190734863,12.449999809265137,13.0,12.462068557739258,4180000,0.0,0.0,0.0,0.0,0.0,0.0
2020-08-31,13.350000381469728,13.800000190734863,13.149999618530272,13.199999809265137,12.65379238128662,3863000,0.0,0.0,0.0,0.0,0.0,0.0
2020-09-01,13.199999809265137,13.449999809265137,12.75,13.25,12.7017240524292,1647000,0.0,0.0,0.0,0.0,0.0,0.0
2020-09-02,13.399999618530272,14.550000190734863,13.100000381469728,14.550000190734863,13.947931289672852,12656000,0.0,0.0,0.0,0.0,0.0,0.0
2020-09-03,15.949999809265137,16.0,14.850000381469728,15.25,14.61896514892578,22192000,0.0,0.0,0.0,0.0,0.0,0.0
2020-09-04,14.300000190734863,15.550000190734863,14.199999809265137,15.300000190734863,14.66689682006836,9274000,0.0,0.0,0.0,0.0,0.0,0.0
2020-09-07,15.800000190734863,16.799999237060547,15.649999618530272,15.949999809265137,15.289999008178713,10516000,0.0,0.0,0.0,0.0,0.0,0.0
2020-09-08,16.0,17.149999618530273,16.0,17.0,16.296550750732422,14206000,0.0,0.0,0.0,0.0,0.0,0.0
2020-09-09,16.649999618530273,17.700000762939453,16.450000762939453,17.700000762939453,16.967586517333984,8576000,0.0,0.0,0.0,0.0,0.0,0.0
2020-09-10,17.950000762939453,18.700000762939453,16.899999618530273,17.5,16.775861740112305,13143000,0.0,0.0,0.0,0.0,0.0,0.0
2020-09-11,17.700000762939453,18.0,16.25,16.799999237060547,16.104825973510742,8576000,0.0,0.0,0.0,0.0,0.0,0.0
2020-09-14,17.100000381469727,17.5,16.700000762939453,16.700000762939453,16.00896644592285,5312000,0.0,0.0,0.0,0.0,0.0,0.0
2020-09-15,16.899999618530273,17.450000762939453,16.850000381469727,16.899999618530273,16.2006893157959,3974000,0.0,0.0,0.0,0.0,0.0,0.0
2020-09-16,17.049999237060547,17.549999237060547,16.899999618530273,16.899999618530273,16.2006893157959,5069000,0.0,0.0,0.0,0.0,0.0,0.0
2020-09-17,16.899999618530273,17.5,16.850000381469727,17.149999618530273,16.440343856811523,3461000,0.0,0.0,0.0,0.0,0.0,0.0
2020-09-18,17.25,17.700000762939453,16.950000762939453,16.950000762939453,16.248620986938477,7101000,0.0,0.0,0.0,0.0,0.0,0.0
2020-09-21,17.100000381469727,17.299999237060547,16.75,16.950000762939453,16.248620986938477,1938000,0.0,0.0,0.0,0.0,0.0,0.0
2020-09-22,16.899999618530273,16.899999618530273,16.049999237060547,16.100000381469727,15.433793067932127,3141000,0.0,0.0,0.0,0.0,0.0,0.0
2020-09-23,16.100000381469727,16.899999618530273,16.100000381469727,16.600000381469727,15.913103103637695,5839000,0.0,0.0,0.0,0.0,0.0,0.0
2020-09-24,16.25,17.0,16.200000762939453,16.25,15.57758617401123,2754000,0.0,0.0,0.0,0.0,0.0,0.0
2020-09-25,16.450000762939453,16.600000381469727,14.649999618530272,15.0,14.37930965423584,4432000,0.0,0.0,0.0,0.0,0.0,0.0
2020-09-28,15.199999809265137,15.649999618530272,15.149999618530272,15.5,14.858620643615724,1435000,0.0,0.0,0.0,0.0,0.0,0.0
2020-09-29,15.899999618530272,16.0,15.350000381469728,15.550000190734863,14.906551361083984,869000,0.0,0.0,0.0,0.0,0.0,0.0
2020-09-30,15.550000190734863,16.200000762939453,15.5,15.75,15.098275184631348,2342000,0.0,0.0,0.0,0.0,0.0,0.0
2020-10-05,15.800000190734863,16.399999618530273,15.449999809265137,16.200000762939453,15.529655456542969,8686000,0.0,0.0,0.0,0.0,0.0,0.0
2020-10-06,16.100000381469727,16.350000381469727,15.850000381469728,16.100000381469727,15.433793067932127,2091000,0.0,0.0,0.0,0.0,0.0,0.0
2020-10-07,16.149999618530273,17.049999237060547,16.149999618530273,16.799999237060547,16.104825973510742,9243000,0.0,0.0,0.0,0.0,0.0,0.0
2020-10-08,17.100000381469727,17.649999618530273,16.850000381469727,16.950000762939453,16.248620986938477,6814000,0.0,0.0,0.0,0.0,0.0,0.0
2020-10-12,16.950000762939453,17.299999237060547,16.799999237060547,17.100000381469727,16.392414093017578,3033000,0.0,0.0,0.0,0.0,0.0,0.0
2020-10-13,17.200000762939453,17.200000762939453,16.700000762939453,16.700000762939453,16.00896644592285,1982000,0.0,0.0,0.0,0.0,0.0,0.0
2020-10-14,16.799999237060547,18.350000381469727,16.700000762939453,18.350000381469727,17.590688705444336,11557000,0.0,0.0,0.0,0.0,0.0,0.0
2020-10-15,18.600000381469727,19.799999237060547,18.25,19.14999961853028,18.357585906982425,25458000,0.0,0.0,0.0,0.0,0.0,0.0
2020-10-16,19.0,19.5,17.75,17.75,17.01551628112793,10446000,0.0,0.0,0.0,0.0,0.0,0.0
2020-10-19,17.850000381469727,18.350000381469727,17.299999237060547,17.700000762939453,16.967586517333984,5068000,0.0,0.0,0.0,0.0,0.0,0.0
2020-10-20,17.700000762939453,18.25,17.5,17.549999237060547,16.82379150390625,4491000,0.0,0.0,0.0,0.0,0.0,0.0
2020-10-21,17.75,18.25,17.399999618530273,17.399999618530273,16.67999839782715,6495000,0.0,0.0,0.0,0.0,0.0,0.0
2020-10-22,17.399999618530273,17.700000762939453,16.950000762939453,17.25,16.53620719909668,4391000,0.0,0.0,0.0,0.0,0.0,0.0
2020-10-23,17.450000762939453,17.549999237060547,17.25,17.450000762939453,16.72793197631836,1741000,0.0,0.0,0.0,0.0,0.0,0.0
2020-10-26,17.850000381469727,17.850000381469727,17.100000381469727,17.100000381469727,16.392414093017578,3260000,0.0,0.0,0.0,0.0,0.0,0.0
2020-10-27,17.100000381469727,18.39999961853028,16.899999618530273,18.299999237060547,17.542757034301758,8344000,0.0,0.0,0.0,0.0,0.0,0.0
2020-10-28,18.850000381469727,18.850000381469727,17.549999237060547,17.950000762939453,17.20724105834961,8586000,0.0,0.0,0.0,0.0,0.0,0.0
2020-10-29,17.649999618530273,18.100000381469727,17.399999618530273,17.950000762939453,17.20724105834961,4628000,0.0,0.0,0.0,0.0,0.0,0.0
2020-10-30,17.799999237060547,18.0,17.049999237060547,17.25,16.53620719909668,2603000,0.0,0.0,0.0,0.0,0.0,0.0
2020-11-02,17.25,17.450000762939453,16.899999618530273,16.899999618530273,16.2006893157959,1970000,0.0,0.0,0.0,0.0,0.0,0.0
2020-11-03,17.350000381469727,17.549999237060547,17.100000381469727,17.149999618530273,16.440343856811523,2899000,0.0,0.0,0.0,0.0,0.0,0.0
2020-11-04,17.25,17.549999237060547,17.049999237060547,17.049999237060547,16.344482421875,1420000,0.0,0.0,0.0,0.0,0.0,0.0
2020-11-05,17.200000762939453,18.0,17.200000762939453,17.850000381469727,17.111379623413086,5149000,0.0,0.0,0.0,0.0,0.0,0.0
2020-11-06,17.850000381469727,18.14999961853028,17.549999237060547,17.600000381469727,16.871723175048828,3957000,0.0,0.0,0.0,0.0,0.0,0.0
2020-11-09,17.350000381469727,17.899999618530273,17.200000762939453,17.549999237060547,16.82379150390625,3882000,0.0,0.0,0.0,0.0,0.0,0.0
2020-11-10,17.649999618530273,17.75,17.399999618530273,17.5,16.775861740112305,2201000,0.0,0.0,0.0,0.0,0.0,0.0
2020-11-11,17.75,18.299999237060547,17.549999237060547,17.75,17.01551628112793,7434000,0.0,0.0,0.0,0.0,0.0,0.0
2020-11-12,18.450000762939453,18.700000762939453,17.399999618530273,17.399999618530273,16.67999839782715,19481000,0.0,0.0,0.0,0.0,0.0,0.0
2020-11-13,17.600000381469727,17.700000762939453,17.450000762939453,17.450000762939453,16.72793197631836,1195000,0.0,0.0,0.0,0.0,0.0,0.0
2020-11-16,17.549999237060547,17.700000762939453,17.200000762939453,17.200000762939453,16.4882755279541,2087000,0.0,0.0,0.0,0.0,0.0,0.0
2020-11-17,17.25,17.899999618530273,17.25,17.600000381469727,16.871723175048828,4317000,0.0,0.0,0.0,0.0,0.0,0.0
2020-11-18,17.549999237060547,17.799999237060547,17.350000381469727,17.399999618530273,16.67999839782715,1505000,0.0,0.0,0.0,0.0,0.0,0.0
2020-11-19,17.399999618530273,18.100000381469727,17.350000381469727,18.0,17.255172729492188,7232000,0.0,0.0,0.0,0.0,0.0,0.0
2020-11-20,17.850000381469727,18.200000762939453,17.649999618530273,17.649999618530273,16.919654846191406,2811000,0.0,0.0,0.0,0.0,0.0,0.0
2020-11-23,17.700000762939453,17.75,17.350000381469727,17.399999618530273,16.67999839782715,2340000,0.0,0.0,0.0,0.0,0.0,0.0
2020-11-24,17.450000762939453,17.600000381469727,17.299999237060547,17.450000762939453,16.72793197631836,2042000,0.0,0.0,0.0,0.0,0.0,0.0
2020-11-25,17.549999237060547,17.799999237060547,17.450000762939453,17.450000762939453,16.72793197631836,1689000,0.0,0.0,0.0,0.0,0.0,0.0
2020-11-26,17.399999618530273,17.75,17.399999618530273,17.549999237060547,16.82379150390625,1356000,0.0,0.0,0.0,0.0,0.0,0.0
2020-11-27,17.700000762939453,17.950000762939453,17.649999618530273,17.649999618530273,16.919654846191406,1964000,0.0,0.0,0.0,0.0,0.0,0.0
2020-11-30,17.75,18.39999961853028,17.75,18.100000381469727,17.35103416442871,4858000,0.0,0.0,0.0,0.0,0.0,0.0
2020-12-01,18.600000381469727,18.600000381469727,17.850000381469727,17.899999618530273,17.15930938720703,3084000,0.0,0.0,0.0,0.0,0.0,0.0
2020-12-02,18.0,18.14999961853028,17.799999237060547,17.899999618530273,17.15930938720703,2063000,0.0,0.0,0.0,0.0,0.0,0.0
2020-12-03,18.049999237060547,18.39999961853028,17.75,17.75,17.01551628112793,3459000,0.0,0.0,0.0,0.0,0.0,0.0
2020-12-04,17.799999237060547,17.950000762939453,17.600000381469727,17.649999618530273,16.919654846191406,1640000,0.0,0.0,0.0,0.0,0.0,0.0
2020-12-07,17.850000381469727,17.850000381469727,17.049999237060547,17.149999618530273,16.440343856811523,4522000,0.0,0.0,0.0,0.0,0.0,0.0
2020-12-08,17.25,17.5,17.200000762939453,17.200000762939453,16.4882755279541,1206000,0.0,0.0,0.0,0.0,0.0,0.0
2020-12-09,17.399999618530273,17.600000381469727,17.200000762939453,17.25,16.53620719909668,1655000,0.0,0.0,0.0,0.0,0.0,0.0
2020-12-10,17.200000762939453,17.399999618530273,16.350000381469727,16.5,15.817240715026855,5315000,0.0,0.0,0.0,0.0,0.0,0.0
2020-12-11,16.450000762939453,16.700000762939453,15.550000190734863,15.800000190734863,15.146206855773926,3927000,0.0,0.0,0.0,0.0,0.0,0.0
2020-12-14,15.850000381469728,16.399999618530273,15.75,16.399999618530273,15.721378326416016,1491000,0.0,0.0,0.0,0.0,0.0,0.0
2020-12-15,16.600000381469727,16.600000381469727,16.0,16.149999618530273,15.48172378540039,1019000,0.0,0.0,0.0,0.0,0.0,0.0
2020-12-16,16.350000381469727,16.899999618530273,16.299999237060547,16.700000762939453,16.00896644592285,3509000,0.0,0.0,0.0,0.0,0.0,0.0
2020-12-17,16.700000762939453,16.700000762939453,16.399999618530273,16.5,15.817240715026855,905000,0.0,0.0,0.0,0.0,0.0,0.0
2020-12-18,16.600000381469727,16.899999618530273,16.399999618530273,16.549999237060547,15.865171432495115,2549000,0.0,0.0,0.0,0.0,0.0,0.0
2020-12-21,16.649999618530273,16.649999618530273,16.200000762939453,16.299999237060547,15.625515937805176,893000,0.0,0.0,0.0,0.0,0.0,0.0
2020-12-22,16.399999618530273,16.600000381469727,15.949999809265137,16.0,15.337930679321287,1113000,0.0,0.0,0.0,0.0,0.0,0.0
2020-12-23,16.25,17.149999618530273,15.949999809265137,17.049999237060547,16.344482421875,4888000,0.0,0.0,0.0,0.0,0.0,0.0
2020-12-24,17.100000381469727,17.299999237060547,16.799999237060547,16.899999618530273,16.2006893157959,7547000,0.0,0.0,0.0,0.0,0.0,0.0
2020-12-25,17.049999237060547,17.200000762939453,16.75,16.75,16.056896209716797,1002000,0.0,0.0,0.0,0.0,0.0,0.0
2020-12-28,16.850000381469727,16.899999618530273,16.549999237060547,16.549999237060547,15.865171432495115,1128000,0.0,0.0,0.0,0.0,0.0,0.0
2020-12-29,16.700000762939453,16.899999618530273,16.549999237060547,16.700000762939453,16.00896644592285,1126000,0.0,0.0,0.0,0.0,0.0,0.0
2020-12-30,16.899999618530273,16.950000762939453,16.350000381469727,16.399999618530273,15.721378326416016,1051000,0.0,0.0,0.0,0.0,0.0,0.0
2020-12-31,16.5,17.200000762939453,16.5,16.799999237060547,16.104825973510742,2806000,0.0,0.0,0.0,0.0,0.0,0.0
2021-01-04,16.899999618530273,17.899999618530273,16.850000381469727,17.600000381469727,16.871723175048828,8099000,0.0,0.0,0.0,0.0,0.0,0.0
2021-01-05,17.5,18.200000762939453,17.399999618530273,17.399999618530273,16.67999839782715,7839000,0.0,0.0,0.0,0.0,0.0,0.0
2021-01-06,17.25,17.75,16.549999237060547,16.700000762939453,16.00896644592285,2957000,0.0,0.0,0.0,0.0,0.0,0.0
2021-01-07,17.0,17.950000762939453,16.950000762939453,17.25,16.53620719909668,6702000,0.0,0.0,0.0,0.0,0.0,0.0
2021-01-08,17.25,17.450000762939453,16.899999618530273,16.950000762939453,16.248620986938477,1606000,0.0,0.0,0.0,0.0,0.0,0.0
2021-01-11,17.100000381469727,17.100000381469727,16.799999237060547,16.799999237060547,16.104825973510742,1028000,0.0,0.0,0.0,0.0,0.0,0.0
2021-01-12,16.799999237060547,16.899999618530273,16.200000762939453,16.200000762939453,15.529655456542969,1315000,0.0,0.0,0.0,0.0,0.0,0.0
2021-01-13,16.350000381469727,16.5,16.25,16.25,15.57758617401123,841000,0.0,0.0,0.0,0.0,0.0,0.0
2021-01-14,16.350000381469727,16.399999618530273,16.25,16.299999237060547,15.625515937805176,626000,0.0,0.0,0.0,0.0,0.0,0.0
2021-01-15,16.350000381469727,16.399999618530273,15.75,15.899999618530272,15.24206829071045,1483000,0.0,0.0,0.0,0.0,0.0,0.0
2021-01-18,15.899999618530272,15.899999618530272,15.25,15.850000381469728,15.194137573242188,779000,0.0,0.0,0.0,0.0,0.0,0.0
2021-01-19,16.100000381469727,16.399999618530273,16.0,16.149999618530273,15.48172378540039,790000,0.0,0.0,0.0,0.0,0.0,0.0
2021-01-20,16.25,16.450000762939453,15.600000381469728,15.649999618530272,15.002412796020508,1341000,0.0,0.0,0.0,0.0,0.0,0.0
2021-01-21,15.899999618530272,15.899999618530272,15.350000381469728,15.5,14.858620643615724,999000,0.0,0.0,0.0,0.0,0.0,0.0
2021-01-22,15.550000190734863,16.25,15.550000190734863,15.899999618530272,15.24206829071045,2781000,0.0,0.0,0.0,0.0,0.0,0.0
2021-01-25,15.699999809265137,16.0,15.699999809265137,16.0,15.337930679321287,655000,0.0,0.0,0.0,0.0,0.0,0.0
2021-01-26,16.049999237060547,16.100000381469727,15.800000190734863,15.850000381469728,15.194137573242188,409000,0.0,0.0,0.0,0.0,0.0,0.0
2021-01-27,15.899999618530272,16.0,15.800000190734863,15.899999618530272,15.24206829071045,417000,0.0,0.0,0.0,0.0,0.0,0.0
2021-01-28,15.800000190734863,15.899999618530272,15.649999618530272,15.699999809265137,15.050344467163086,288000,0.0,0.0,0.0,0.0,0.0,0.0
2021-01-29,15.850000381469728,16.049999237060547,15.600000381469728,15.600000381469728,14.954483032226562,953000,0.0,0.0,0.0,0.0,0.0,0.0
2021-02-01,15.75,16.100000381469727,15.300000190734863,16.0,15.337930679321287,1031000,0.0,0.0,0.0,0.0,0.0,0.0
2021-02-02,16.399999618530273,16.450000762939453,15.899999618530272,15.949999809265137,15.289999008178713,2327000,0.0,0.0,0.0,0.0,0.0,0.0
2021-02-03,15.949999809265137,16.149999618530273,15.850000381469728,16.049999237060547,15.38586139678955,546000,0.0,0.0,0.0,0.0,0.0,0.0
2021-02-04,16.049999237060547,16.100000381469727,15.899999618530272,16.0,15.337930679321287,542000,0.0,0.0,0.0,0.0,0.0,0.0
2021-02-05,16.149999618530273,16.299999237060547,16.049999237060547,16.049999237060547,15.38586139678955,826000,0.0,0.0,0.0,0.0,0.0,0.0
2021-02-17,16.25,16.399999618530273,16.049999237060547,16.25,15.57758617401123,1062000,0.0,0.0,0.0,0.0,0.0,0.0
2021-02-18,16.25,16.600000381469727,16.25,16.600000381469727,15.913103103637695,920000,0.0,0.0,0.0,0.0,0.0,0.0
2021-02-19,16.600000381469727,17.399999618530273,16.549999237060547,17.200000762939453,16.4882755279541,2897000,0.0,0.0,0.0,0.0,0.0,0.0
2021-02-22,17.350000381469727,17.700000762939453,17.299999237060547,17.5,16.775861740112305,2517000,0.0,0.0,0.0,0.0,0.0,0.0
2021-02-23,17.549999237060547,17.700000762939453,17.25,17.25,16.53620719909668,1611000,0.0,0.0,0.0,0.0,0.0,0.0
2021-02-24,17.5,17.649999618530273,17.25,17.350000381469727,16.632068634033203,1194000,0.0,0.0,0.0,0.0,0.0,0.0
2021-02-25,17.600000381469727,17.649999618530273,17.399999618530273,17.399999618530273,16.67999839782715,1109000,0.0,0.0,0.0,0.0,0.0,0.0
2021-02-26,17.200000762939453,17.450000762939453,17.0,17.350000381469727,16.632068634033203,883000,0.0,0.0,0.0,0.0,0.0,0.0
2021-03-02,17.549999237060547,17.700000762939453,17.299999237060547,17.299999237060547,16.584136962890625,1062000,0.0,0.0,0.0,0.0,0.0,0.0
2021-03-03,17.350000381469727,17.5,17.200000762939453,17.350000381469727,16.632068634033203,799000,0.0,0.0,0.0,0.0,0.0,0.0
2021-03-04,17.399999618530273,17.5,17.049999237060547,17.049999237060547,16.344482421875,909000,0.0,0.0,0.0,0.0,0.0,0.0
2021-03-05,17.0,17.299999237060547,17.0,17.100000381469727,16.392414093017578,520000,0.0,0.0,0.0,0.0,0.0,0.0
2021-03-08,17.350000381469727,17.350000381469727,16.700000762939453,16.700000762939453,16.00896644592285,941000,0.0,0.0,0.0,0.0,0.0,0.0
2021-03-09,16.700000762939453,16.899999618530273,16.600000381469727,16.75,16.056896209716797,482000,0.0,0.0,0.0,0.0,0.0,0.0
2021-03-10,16.899999618530273,17.049999237060547,16.75,16.899999618530273,16.2006893157959,485000,0.0,0.0,0.0,0.0,0.0,0.0
2021-03-11,17.100000381469727,17.149999618530273,16.950000762939453,17.049999237060547,16.344482421875,489000,0.0,0.0,0.0,0.0,0.0,0.0
2021-03-12,17.100000381469727,17.25,17.049999237060547,17.100000381469727,16.392414093017578,565000,0.0,0.0,0.0,0.0,0.0,0.0
2021-03-15,17.149999618530273,17.450000762939453,17.149999618530273,17.399999618530273,16.67999839782715,1097000,0.0,0.0,0.0,0.0,0.0,0.0
2021-03-16,17.600000381469727,17.600000381469727,17.25,17.25,16.53620719909668,987000,0.0,0.0,0.0,0.0,0.0,0.0
2021-03-17,17.299999237060547,17.600000381469727,17.299999237060547,17.399999618530273,16.67999839782715,937000,0.0,0.0,0.0,0.0,0.0,0.0
2021-03-18,17.450000762939453,18.5,17.450000762939453,17.850000381469727,17.111379623413086,6839000,0.0,0.0,0.0,0.0,0.0,0.0
2021-03-19,17.700000762939453,18.100000381469727,17.299999237060547,18.0,17.255172729492188,2370000,0.0,0.0,0.0,0.0,0.0,0.0
2021-03-22,18.200000762939453,18.799999237060547,18.200000762939453,18.5,17.734481811523438,4489000,0.0,0.0,0.0,0.0,0.0,0.0
2021-03-23,19.049999237060547,19.5,18.600000381469727,18.799999237060547,18.02206802368164,8701000,0.0,0.0,0.0,0.0,0.0,0.0
2021-03-24,18.75,19.200000762939453,18.5,18.64999961853028,17.87827491760254,2778000,0.0,0.0,0.0,0.0,0.0,0.0
2021-03-25,18.64999961853028,19.100000381469727,18.5,18.75,17.974138259887695,2425000,0.0,0.0,0.0,0.0,0.0,0.0
2021-03-26,18.950000762939453,20.39999961853028,18.799999237060547,19.100000381469727,18.309654235839844,17011000,0.0,0.0,0.0,0.0,0.0,0.0
2021-03-29,19.100000381469727,19.450000762939453,18.700000762939453,19.39999961853028,18.597240447998047,3348000,0.0,0.0,0.0,0.0,0.0,0.0
2021-03-30,19.700000762939453,19.75,19.200000762939453,19.25,18.453447341918945,3866000,0.0,0.0,0.0,0.0,0.0,0.0
2021-03-31,19.39999961853028,21.14999961853028,19.25,21.14999961853028,20.274826049804688,23674000,0.0,0.0,0.0,0.0,0.0,0.0
2021-04-01,22.0,23.25,21.25,23.25,22.287931442260746,31323000,0.0,0.0,0.0,0.0,0.0,0.0
2021-04-07,24.950000762939453,25.450000762939453,24.0,25.0,23.965517044067383,9702000,0.0,0.0,0.0,0.0,0.0,0.0
2021-04-08,25.5,25.799999237060547,24.64999961853028,24.700000762939453,23.67793083190918,7212000,0.0,0.0,0.0,0.0,0.0,0.0
2021-04-09,25.200000762939453,25.200000762939453,23.5,23.950000762939453,22.958965301513672,5965000,0.0,0.0,0.0,0.0,0.0,0.0
2021-04-12,24.549999237060547,24.64999961853028,23.799999237060547,24.0,23.00689697265625,3728000,0.0,0.0,0.0,0.0,0.0,0.0
2021-04-13,24.0,25.600000381469727,23.75,24.100000381469727,23.102758407592773,10844000,0.0,0.0,0.0,0.0,0.0,0.0
2021-04-14,24.350000381469727,24.700000762939453,21.700000762939453,22.75,21.80862045288086,7313000,0.0,0.0,0.0,0.0,0.0,0.0
2021-04-15,22.950000762939453,23.600000381469727,22.549999237060547,23.39999961853028,22.43172264099121,1957000,0.0,0.0,0.0,0.0,0.0,0.0
2021-04-16,23.700000762939453,23.850000381469727,23.049999237060547,23.100000381469727,22.14413833618164,2408000,0.0,0.0,0.0,0.0,0.0,0.0
2021-04-19,23.39999961853028,24.0,22.850000381469727,23.600000381469727,22.62344741821289,2977000,0.0,0.0,0.0,0.0,0.0,0.0
2021-04-20,23.950000762939453,24.299999237060547,23.600000381469727,23.600000381469727,22.62344741821289,2754000,0.0,0.0,0.0,0.0,0.0,0.0
2021-04-21,23.850000381469727,24.049999237060547,23.39999961853028,23.5,22.527585983276367,2103000,0.0,0.0,0.0,0.0,0.0,0.0
2021-04-22,23.850000381469727,23.850000381469727,22.25,22.299999237060547,21.37723922729492,3200000,0.0,0.0,0.0,0.0,0.0,0.0
2021-04-23,22.350000381469727,23.5,22.049999237060547,23.299999237060547,22.335861206054688,4376000,0.0,0.0,0.0,0.0,0.0,0.0
2021-04-26,23.5,24.14999961853028,23.350000381469727,24.100000381469727,23.102758407592773,2737000,0.0,0.0,0.0,0.0,0.0,0.0
2021-04-27,24.850000381469727,24.950000762939453,23.600000381469727,23.64999961853028,22.67137908935547,3251000,0.0,0.0,0.0,0.0,0.0,0.0
2021-04-28,23.64999961853028,24.200000762939453,23.299999237060547,23.850000381469727,22.86310386657715,2073000,0.0,0.0,0.0,0.0,0.0,0.0
2021-04-29,23.89999961853028,23.950000762939453,23.200000762939453,23.25,22.287931442260746,1565000,0.0,0.0,0.0,0.0,0.0,0.0
2021-05-03,23.0,23.0,21.299999237060547,21.350000381469727,20.466550827026367,2733000,0.0,0.0,0.0,0.0,0.0,0.0
2021-05-04,21.350000381469727,21.799999237060547,19.25,20.14999961853028,19.316205978393555,2520000,0.0,0.0,0.0,0.0,0.0,0.0
2021-05-05,20.14999961853028,21.75,19.5,20.850000381469727,19.98724174499512,1429000,0.0,0.0,0.0,0.0,0.0,0.0
2021-05-06,21.25,21.700000762939453,20.0,20.25,19.41206932067871,1715000,0.0,0.0,0.0,0.0,0.0,0.0
2021-05-07,20.89999961853028,21.950000762939453,20.600000381469727,21.950000762939453,21.041725158691406,1605000,0.0,0.0,0.0,0.0,0.0,0.0
2021-05-10,22.049999237060547,22.200000762939453,21.14999961853028,21.549999237060547,20.658275604248047,1371000,0.0,0.0,0.0,0.0,0.0,0.0
2021-05-11,21.299999237060547,21.350000381469727,19.450000762939453,19.700000762939453,18.884828567504883,2110000,0.0,0.0,0.0,0.0,0.0,0.0
2021-05-12,20.049999237060547,20.700000762939453,18.0,18.700000762939453,17.926206588745117,3642000,0.0,0.0,0.0,0.0,0.0,0.0
2021-05-13,18.700000762939453,20.14999961853028,17.799999237060547,19.350000381469727,18.5493106842041,2635000,0.0,0.0,0.0,0.0,0.0,0.0
2021-05-14,20.0,20.5,19.100000381469727,19.600000381469727,18.788965225219727,3606000,0.0,0.0,0.0,0.0,0.0,0.0
2021-05-17,18.0,19.200000762939453,17.649999618530273,17.649999618530273,16.919654846191406,2475000,0.0,0.0,0.0,0.0,0.0,0.0
2021-05-18,18.100000381469727,19.200000762939453,17.700000762939453,19.14999961853028,18.357585906982425,1604000,0.0,0.0,0.0,0.0,0.0,0.0
2021-05-19,19.0,19.39999961853028,18.5,19.200000762939453,18.405517578125,1256000,0.0,0.0,0.0,0.0,0.0,0.0
2021-05-20,19.200000762939453,19.350000381469727,18.5,18.5,17.734481811523438,1073000,0.0,0.0,0.0,0.0,0.0,0.0
2021-05-21,18.89999961853028,19.100000381469727,18.700000762939453,18.950000762939453,18.16586303710937,753000,0.0,0.0,0.0,0.0,0.0,0.0
2021-05-24,18.89999961853028,19.450000762939453,18.600000381469727,19.299999237060547,18.501379013061523,697000,0.0,0.0,0.0,0.0,0.0,0.0
2021-05-25,19.700000762939453,20.200000762939453,19.600000381469727,19.89999961853028,19.07655143737793,1176000,0.0,0.0,0.0,0.0,0.0,0.0
2021-05-26,20.100000381469727,20.14999961853028,19.5,20.0,19.172412872314453,572000,0.0,0.0,0.0,0.0,0.0,0.0
2021-05-27,20.0,20.200000762939453,19.799999237060547,20.0,19.172412872314453,711000,0.0,0.0,0.0,0.0,0.0,0.0
2021-05-28,20.299999237060547,20.39999961853028,20.14999961853028,20.200000762939453,19.364137649536133,677000,0.0,0.0,0.0,0.0,0.0,0.0
2021-05-31,20.450000762939453,21.25,20.200000762939453,20.950000762939453,20.08310317993164,1458000,0.0,0.0,0.0,0.0,0.0,0.0
2021-06-01,21.100000381469727,21.299999237060547,20.89999961853028,21.0,20.13103485107422,867000,0.0,0.0,0.0,0.0,0.0,0.0
2021-06-02,21.100000381469727,21.25,20.5,20.549999237060547,19.69965362548828,832000,0.0,0.0,0.0,0.0,0.0,0.0
2021-06-03,20.600000381469727,21.100000381469727,20.5,20.75,19.89137840270996,748000,0.0,0.0,0.0,0.0,0.0,0.0
2021-06-04,20.600000381469727,20.799999237060547,20.450000762939453,20.5,19.651723861694336,390000,0.0,0.0,0.0,0.0,0.0,0.0
2021-06-07,20.299999237060547,20.350000381469727,19.64999961853028,19.89999961853028,19.07655143737793,840000,0.0,0.0,0.0,0.0,0.0,0.0
2021-06-08,20.0,20.14999961853028,19.89999961853028,20.0,19.172412872314453,454000,0.0,0.0,0.0,0.0,0.0,0.0
2021-06-09,20.100000381469727,20.200000762939453,19.850000381469727,20.049999237060547,19.22034454345703,467000,0.0,0.0,0.0,0.0,0.0,0.0
2021-06-10,20.100000381469727,20.799999237060547,20.049999237060547,20.39999961853028,19.55586051940918,2251000,0.0,0.0,0.0,0.0,0.0,0.0
2021-06-11,20.549999237060547,20.64999961853028,20.0,20.100000381469727,19.26827621459961,964000,0.0,0.0,0.0,0.0,0.0,0.0
2021-06-15,20.25,20.25,19.799999237060547,20.0,19.172412872314453,470000,0.0,0.0,0.0,0.0,0.0,0.0
2021-06-16,20.0,20.200000762939453,19.75,19.75,18.932758331298828,541000,0.0,0.0,0.0,0.0,0.0,0.0
2021-06-17,19.799999237060547,20.14999961853028,19.75,20.049999237060547,19.22034454345703,398000,0.0,0.0,0.0,0.0,0.0,0.0
2021-06-18,20.200000762939453,20.64999961853028,20.049999237060547,20.100000381469727,19.26827621459961,1142000,0.0,0.0,0.0,0.0,0.0,0.0
2021-06-21,19.600000381469727,19.950000762939453,19.299999237060547,19.299999237060547,18.501379013061523,1181000,0.0,0.0,0.0,0.0,0.0,0.0
2021-06-22,19.5,19.600000381469727,19.25,19.39999961853028,18.597240447998047,637000,0.0,0.0,0.0,0.0,0.0,0.0
2021-06-23,19.39999961853028,19.64999961853028,19.299999237060547,19.600000381469727,18.788965225219727,521000,0.0,0.0,0.0,0.0,0.0,0.0
2021-06-24,19.64999961853028,19.75,19.5,19.75,18.932758331298828,429000,0.0,0.0,0.0,0.0,0.0,0.0
2021-06-25,19.850000381469727,20.0,19.700000762939453,19.700000762939453,18.884828567504883,572000,0.0,0.0,0.0,0.0,0.0,0.0
2021-06-28,19.700000762939453,19.850000381469727,19.549999237060547,19.75,18.932758331298828,412000,0.0,0.0,0.0,0.0,0.0,0.0
2021-06-29,19.850000381469727,19.850000381469727,19.39999961853028,19.450000762939453,18.645172119140625,727000,0.0,0.0,0.0,0.0,0.0,0.0
2021-06-30,19.5,19.64999961853028,19.350000381469727,19.5,18.693103790283203,643000,0.0,0.0,0.0,0.0,0.0,0.0
2021-07-01,19.799999237060547,19.950000762939453,19.5,19.549999237060547,18.74103355407715,924000,0.0,0.0,0.0,0.0,0.0,0.0
2021-07-02,19.600000381469727,19.700000762939453,19.5,19.549999237060547,18.74103355407715,527000,0.0,0.0,0.0,0.0,0.0,0.0
2021-07-05,19.64999961853028,19.950000762939453,19.600000381469727,19.89999961853028,19.07655143737793,691000,0.0,0.0,0.0,0.0,0.0,0.0
2021-07-06,20.100000381469727,20.14999961853028,19.89999961853028,19.950000762939453,19.124483108520508,772000,0.0,0.0,0.0,0.0,0.0,0.0
2021-07-07,20.0,21.850000381469727,20.0,21.39999961853028,20.514482498168945,4905000,0.0,0.0,0.0,0.0,0.0,0.0
2021-07-08,21.299999237060547,21.450000762939453,20.799999237060547,21.0,20.13103485107422,2183000,0.0,0.0,0.0,0.0,0.0,0.0
2021-07-09,20.950000762939453,22.350000381469727,20.39999961853028,21.64999961853028,20.75413703918457,4611000,0.0,0.0,0.0,0.0,0.0,0.0
2021-07-12,22.299999237060547,23.200000762939453,21.75,22.89999961853028,21.95241355895996,5515000,0.0,0.0,0.0,0.0,0.0,0.0
2021-07-13,23.0,23.200000762939453,21.049999237060547,22.0,21.08965492248535,4678000,0.0,0.0,0.0,0.0,0.0,0.0
2021-07-14,22.0,22.14999961853028,21.100000381469727,21.75,20.850000381469727,1734000,0.0,0.0,0.0,0.0,0.0,0.0
2021-07-15,21.950000762939453,23.0,21.5,22.39999961853028,21.47310256958008,7608000,0.0,0.0,0.0,0.0,0.0,0.0
2021-07-16,22.14999961853028,22.700000762939453,21.89999961853028,22.100000381469727,21.185516357421875,1835000,0.0,0.0,0.0,0.0,0.0,0.0
2021-07-19,21.799999237060547,22.200000762939453,21.799999237060547,21.89999961853028,20.993791580200195,1264000,0.0,0.0,0.0,0.0,0.0,0.0
2021-07-20,21.850000381469727,21.850000381469727,21.100000381469727,21.25,20.370689392089844,1339000,0.0,0.0,0.0,0.0,0.0,0.0
2021-07-21,21.64999961853028,21.700000762939453,21.0,21.0,20.13103485107422,939000,0.0,0.0,0.0,0.0,0.0,0.0
2021-07-22,21.100000381469727,22.700000762939453,21.100000381469727,22.14999961853028,21.233448028564453,3242000,0.0,0.0,0.0,0.0,0.0,0.0
2021-07-23,22.299999237060547,23.950000762939453,22.200000762939453,23.200000762939453,22.239999771118164,8866000,0.0,0.0,0.0,0.0,0.0,0.0
2021-07-26,23.600000381469727,24.75,23.0,23.700000762939453,22.719310760498047,15650000,0.0,0.0,0.0,0.0,0.0,0.0
2021-07-27,23.799999237060547,23.89999961853028,22.0,22.5,21.568965911865234,4271000,0.0,0.0,0.0,0.0,0.0,0.0
2021-07-28,22.39999961853028,22.450000762939453,20.850000381469727,21.700000762939453,20.80206871032715,2548000,0.0,0.0,0.0,0.0,0.0,0.0
2021-07-29,22.200000762939453,22.350000381469727,21.549999237060547,22.14999961853028,21.233448028564453,1532000,0.0,0.0,0.0,0.0,0.0,0.0
2021-07-30,22.200000762939453,23.0,22.0,22.0,21.08965492248535,1545000,0.0,0.0,0.0,0.0,0.0,0.0
2021-08-02,22.25,22.700000762939453,22.100000381469727,22.700000762939453,21.76069068908692,1126000,0.0,0.0,0.0,0.0,0.0,0.0
2021-08-03,22.799999237060547,23.549999237060547,22.600000381469727,23.200000762939453,22.239999771118164,2526000,0.0,0.0,0.0,0.0,0.0,0.0
2021-08-04,23.700000762939453,23.700000762939453,22.89999961853028,22.89999961853028,21.95241355895996,1702000,0.0,0.0,0.0,0.0,0.0,0.0
2021-08-05,23.200000762939453,23.700000762939453,22.950000762939453,23.299999237060547,22.335861206054688,1730000,0.0,0.0,0.0,0.0,0.0,0.0
2021-08-06,23.25,23.350000381469727,22.75,22.75,21.80862045288086,1352000,0.0,0.0,0.0,0.0,0.0,0.0
2021-08-09,22.75,22.75,21.799999237060547,21.799999237060547,20.897930145263672,1520000,0.0,0.0,0.0,0.0,0.0,0.0
2021-08-10,21.89999961853028,22.14999961853028,21.299999237060547,21.75,20.850000381469727,1311000,0.0,0.0,0.0,0.0,0.0,0.0
2021-08-11,20.600000381469727,22.89999961853028,19.39999961853028,19.64999961853028,19.64999961853028,26310000,0.0,0.0,0.0,0.0,0.0,0.0
2021-08-12,19.450000762939453,20.049999237060547,19.450000762939453,19.75,19.75,1054000,0.0,0.0,0.0,0.0,0.0,0.0
2021-08-13,20.0,20.299999237060547,19.200000762939453,19.25,19.25,1386000,0.0,0.0,0.0,0.0,0.0,0.0
2021-08-16,19.39999961853028,19.5,18.25,18.64999961853028,18.64999961853028,1622000,0.0,0.0,0.0,0.0,0.0,0.0
2021-08-17,18.64999961853028,18.64999961853028,18.64999961853028,18.64999961853028,18.64999961853028,0,0.0,0.0,0.0,0.0,0.0,0.0
2021-08-18,17.899999618530273,18.600000381469727,17.549999237060547,18.5,18.5,1141000,0.0,0.0,0.0,0.0,0.0,0.0
2021-08-19,18.600000381469727,18.700000762939453,17.899999618530273,17.899999618530273,17.899999618530273,721000,0.0,0.0,0.0,0.0,0.0,0.0
2021-08-20,18.0,18.299999237060547,17.75,18.049999237060547,18.049999237060547,614000,0.0,0.0,0.0,0.0,0.0,0.0
2021-08-23,18.299999237060547,18.600000381469727,18.200000762939453,18.39999961853028,18.39999961853028,423000,0.0,0.0,0.0,0.0,0.0,0.0
2021-08-24,18.549999237060547,18.600000381469727,18.200000762939453,18.200000762939453,18.200000762939453,343000,0.0,0.0,0.0,0.0,0.0,0.0
2021-08-25,18.299999237060547,19.049999237060547,18.25,18.64999961853028,18.64999961853028,693000,0.0,0.0,0.0,0.0,0.0,0.0
2021-08-26,19.0,19.0,18.39999961853028,18.700000762939453,18.700000762939453,531000,0.0,0.0,0.0,0.0,0.0,0.0
2021-08-27,18.75,19.0,18.600000381469727,18.75,18.75,491000,0.0,0.0,0.0,0.0,0.0,0.0
2021-08-30,18.850000381469727,19.0,18.549999237060547,18.75,18.75,322000,0.0,0.0,0.0,0.0,0.0,0.0
2021-08-31,18.850000381469727,19.0,18.75,18.850000381469727,18.850000381469727,426000,0.0,0.0,0.0,0.0,0.0,0.0
2021-09-01,18.850000381469727,19.25,18.799999237060547,19.200000762939453,19.200000762939453,434000,0.0,0.0,0.0,0.0,0.0,0.0
2021-09-02,19.100000381469727,19.25,18.700000762939453,18.799999237060547,18.799999237060547,463000,0.0,0.0,0.0,0.0,0.0,0.0
2021-09-03,18.799999237060547,18.950000762939453,18.600000381469727,18.700000762939453,18.700000762939453,386000,0.0,0.0,0.0,0.0,0.0,0.0
2021-09-06,18.799999237060547,18.799999237060547,18.25,18.25,18.25,436000,0.0,0.0,0.0,0.0,0.0,0.0
2021-09-07,18.25,18.299999237060547,17.899999618530273,17.950000762939453,17.950000762939453,436000,0.0,0.0,0.0,0.0,0.0,0.0
2021-09-08,18.0,18.049999237060547,17.549999237060547,17.549999237060547,17.549999237060547,393000,0.0,0.0,0.0,0.0,0.0,0.0
2021-09-09,17.350000381469727,17.899999618530273,17.350000381469727,17.700000762939453,17.700000762939453,275000,0.0,0.0,0.0,0.0,0.0,0.0
2021-09-10,17.899999618530273,17.899999618530273,17.75,17.75,17.75,157000,0.0,0.0,0.0,0.0,0.0,0.0
2021-09-13,17.799999237060547,17.950000762939453,17.700000762939453,17.799999237060547,17.799999237060547,172000,0.0,0.0,0.0,0.0,0.0,0.0
2021-09-14,17.799999237060547,17.799999237060547,17.600000381469727,17.600000381469727,17.600000381469727,337000,0.0,0.0,0.0,0.0,0.0,0.0
2021-09-15,17.600000381469727,17.649999618530273,17.049999237060547,17.200000762939453,17.200000762939453,630000,0.0,0.0,0.0,0.0,0.0,0.0
2021-09-16,17.299999237060547,17.549999237060547,17.100000381469727,17.549999237060547,17.549999237060547,484000,0.0,0.0,0.0,0.0,0.0,0.0
2021-09-17,17.549999237060547,17.549999237060547,17.049999237060547,17.350000381469727,17.350000381469727,278000,0.0,0.0,0.0,0.0,0.0,0.0
2021-09-22,17.149999618530273,17.450000762939453,17.049999237060547,17.350000381469727,17.350000381469727,224000,0.0,0.0,0.0,0.0,0.0,0.0
2021-09-23,17.5,17.700000762939453,17.450000762939453,17.600000381469727,17.600000381469727,212000,0.0,0.0,0.0,0.0,0.0,0.0
2021-09-24,17.850000381469727,17.850000381469727,17.399999618530273,17.75,17.75,241000,0.0,0.0,0.0,0.0,0.0,0.0
2021-09-27,17.75,17.899999618530273,17.649999618530273,17.899999618530273,17.899999618530273,193000,0.0,0.0,0.0,0.0,0.0,0.0
2021-09-28,17.700000762939453,17.850000381469727,17.700000762939453,17.700000762939453,17.700000762939453,113000,0.0,0.0,0.0,0.0,0.0,0.0
2021-09-29,17.5,17.600000381469727,17.399999618530273,17.5,17.5,118000,0.0,0.0,0.0,0.0,0.0,0.0
2021-09-30,17.600000381469727,17.850000381469727,17.450000762939453,17.549999237060547,17.549999237060547,155000,0.0,0.0,0.0,0.0,0.0,0.0
2021-10-01,17.600000381469727,17.950000762939453,17.299999237060547,17.350000381469727,17.350000381469727,312000,0.0,0.0,0.0,0.0,0.0,0.0
2021-10-04,17.399999618530273,17.399999618530273,16.5,16.5,16.5,657000,0.0,0.0,0.0,0.0,0.0,0.0
2021-10-05,16.399999618530273,17.149999618530273,16.25,16.899999618530273,16.899999618530273,252000,0.0,0.0,0.0,0.0,0.0,0.0
2021-10-06,17.0,17.25,16.799999237060547,16.899999618530273,16.899999618530273,187000,0.0,0.0,0.0,0.0,0.0,0.0
2021-10-07,17.049999237060547,17.5,17.049999237060547,17.299999237060547,17.299999237060547,228000,0.0,0.0,0.0,0.0,0.0,0.0
2021-10-08,17.100000381469727,17.200000762939453,16.700000762939453,16.700000762939453,16.700000762939453,684000,0.0,0.0,0.0,0.0,0.0,0.0
2021-10-12,16.700000762939453,16.700000762939453,15.75,16.0,16.0,934000,0.0,0.0,0.0,0.0,0.0,0.0
2021-10-13,16.100000381469727,16.200000762939453,15.449999809265137,15.5,15.5,576000,0.0,0.0,0.0,0.0,0.0,0.0
2021-10-14,15.800000190734863,15.800000190734863,15.25,15.5,15.5,231000,0.0,0.0,0.0,0.0,0.0,0.0
2021-10-15,15.699999809265137,16.0,15.699999809265137,15.800000190734863,15.800000190734863,252000,0.0,0.0,0.0,0.0,0.0,0.0
2021-10-18,16.0,16.299999237060547,16.0,16.25,16.25,281000,0.0,0.0,0.0,0.0,0.0,0.0
2021-10-19,16.299999237060547,17.100000381469727,16.299999237060547,17.049999237060547,17.049999237060547,560000,0.0,0.0,0.0,0.0,0.0,0.0
2021-10-20,17.350000381469727,17.450000762939453,17.049999237060547,17.149999618530273,17.149999618530273,531000,0.0,0.0,0.0,0.0,0.0,0.0
2021-10-21,17.149999618530273,17.350000381469727,17.049999237060547,17.100000381469727,17.100000381469727,315000,0.0,0.0,0.0,0.0,0.0,0.0
2021-10-22,17.100000381469727,17.649999618530273,17.049999237060547,17.450000762939453,17.450000762939453,494000,0.0,0.0,0.0,0.0,0.0,0.0
2021-10-25,17.600000381469727,17.75,17.5,17.700000762939453,17.700000762939453,241000,0.0,0.0,0.0,0.0,0.0,0.0
2021-10-26,17.75,17.850000381469727,17.649999618530273,17.75,17.75,323000,0.0,0.0,0.0,0.0,0.0,0.0
2021-10-27,17.799999237060547,17.950000762939453,17.649999618530273,17.899999618530273,17.899999618530273,226000,0.0,0.0,0.0,0.0,0.0,0.0
2021-10-28,18.0,18.39999961853028,18.0,18.200000762939453,18.200000762939453,364000,0.0,0.0,0.0,0.0,0.0,0.0
2021-10-29,18.299999237060547,18.299999237060547,17.899999618530273,18.049999237060547,18.049999237060547,294000,0.0,0.0,0.0,0.0,0.0,0.0
2021-11-01,18.100000381469727,18.5,18.100000381469727,18.39999961853028,18.39999961853028,376000,0.0,0.0,0.0,0.0,0.0,0.0
2021-11-02,18.450000762939453,18.89999961853028,18.100000381469727,18.25,18.25,760000,0.0,0.0,0.0,0.0,0.0,0.0
2021-11-03,18.350000381469727,18.549999237060547,18.299999237060547,18.5,18.5,293000,0.0,0.0,0.0,0.0,0.0,0.0
2021-11-04,18.549999237060547,18.600000381469727,18.299999237060547,18.39999961853028,18.39999961853028,320000,0.0,0.0,0.0,0.0,0.0,0.0
2021-11-05,18.600000381469727,18.600000381469727,18.39999961853028,18.450000762939453,18.450000762939453,215000,0.0,0.0,0.0,0.0,0.0,0.0
2021-11-08,18.600000381469727,19.0,18.600000381469727,19.0,19.0,545000,0.0,0.0,0.0,0.0,0.0,0.0
2021-11-09,18.950000762939453,19.25,18.75,19.0,19.0,449000,0.0,0.0,0.0,0.0,0.0,0.0
2021-11-10,19.799999237060547,20.299999237060547,19.5,19.64999961853028,19.64999961853028,1788000,0.0,0.0,0.0,0.0,0.0,0.0
2021-11-11,19.64999961853028,20.25,19.450000762939453,19.89999961853028,19.89999961853028,1264000,0.0,0.0,0.0,0.0,0.0,0.0
2021-11-12,20.14999961853028,20.14999961853028,19.0,19.200000762939453,19.200000762939453,1243000,0.0,0.0,0.0,0.0,0.0,0.0
2021-11-15,19.350000381469727,20.100000381469727,19.350000381469727,19.89999961853028,19.89999961853028,880000,0.0,0.0,0.0,0.0,0.0,0.0
2021-11-16,21.0,21.39999961853028,20.200000762939453,20.799999237060547,20.799999237060547,2754000,0.0,0.0,0.0,0.0,0.0,0.0
2021-11-17,20.64999961853028,22.850000381469727,20.549999237060547,22.799999237060547,22.799999237060547,9684000,0.0,0.0,0.0,0.0,0.0,0.0
2021-11-18,22.950000762939453,23.549999237060547,22.049999237060547,22.049999237060547,22.049999237060547,12122000,0.0,0.0,0.0,0.0,0.0,0.0
2021-11-19,22.25,22.299999237060547,21.350000381469727,21.350000381469727,21.350000381469727,2339000,0.0,0.0,0.0,0.0,0.0,0.0
2021-11-22,21.5,22.25,21.39999961853028,21.700000762939453,21.700000762939453,1423000,0.0,0.0,0.0,0.0,0.0,0.0
2021-11-23,21.5,23.799999237060547,21.5,23.14999961853028,23.14999961853028,10722000,0.0,0.0,0.0,0.0,0.0,0.0
2021-11-24,23.450000762939453,23.5,22.549999237060547,23.100000381469727,23.100000381469727,6142000,0.0,0.0,0.0,0.0,0.0,0.0
2021-11-25,23.049999237060547,23.049999237060547,22.100000381469727,22.14999961853028,22.14999961853028,2389000,0.0,0.0,0.0,0.0,0.0,0.0
2021-11-26,22.14999961853028,22.14999961853028,21.299999237060547,21.549999237060547,21.549999237060547,1707000,0.0,0.0,0.0,0.0,0.0,0.0
2021-11-29,20.700000762939453,21.64999961853028,20.5,20.850000381469727,20.850000381469727,1696000,0.0,0.0,0.0,0.0,0.0,0.0
2021-11-30,20.950000762939453,22.0,20.950000762939453,21.75,21.75,1396000,0.0,0.0,0.0,0.0,0.0,0.0
2021-12-01,21.75,22.200000762939453,21.39999961853028,22.049999237060547,22.049999237060547,1100000,0.0,0.0,0.0,0.0,0.0,0.0
2021-12-02,22.0,22.299999237060547,21.600000381469727,21.700000762939453,21.700000762939453,1177000,0.0,0.0,0.0,0.0,0.0,0.0
2021-12-03,21.89999961853028,22.549999237060547,21.89999961853028,22.0,22.0,1054000,0.0,0.0,0.0,0.0,0.0,0.0
2021-12-06,21.950000762939453,24.200000762939453,21.75,24.200000762939453,24.200000762939453,11242000,0.0,0.0,0.0,0.0,0.0,0.0
2021-12-07,25.200000762939453,26.600000381469727,24.75,25.89999961853028,25.89999961853028,40173000,0.0,0.0,0.0,0.0,0.0,0.0
2021-12-08,25.600000381469727,28.450000762939453,25.049999237060547,28.14999961853028,28.14999961853028,35896000,0.0,0.0,0.0,0.0,0.0,0.0
2021-12-09,28.89999961853028,29.600000381469727,27.600000381469727,28.75,28.75,28668000,0.0,0.0,0.0,0.0,0.0,0.0
2021-12-10,28.200000762939453,29.39999961853028,27.850000381469727,28.0,28.0,12092000,0.0,0.0,0.0,0.0,0.0,0.0
2021-12-13,28.5,30.299999237060547,28.14999961853028,29.350000381469727,29.350000381469727,24393000,0.0,0.0,0.0,0.0,0.0,0.0
2021-12-14,29.350000381469727,30.14999961853028,28.64999961853028,30.0,30.0,18753000,0.0,0.0,0.0,0.0,0.0,0.0
2021-12-15,29.600000381469727,32.5,29.549999237060547,30.299999237060547,30.299999237060547,31427000,0.0,0.0,0.0,0.0,0.0,0.0
2021-12-16,30.299999237060547,31.200000762939453,29.600000381469727,30.25,30.25,12320000,0.0,0.0,0.0,0.0,0.0,0.0
2021-12-17,30.25,30.64999961853028,29.100000381469727,29.64999961853028,29.64999961853028,9161000,0.0,0.0,0.0,0.0,0.0,0.0
2021-12-20,29.850000381469727,30.100000381469727,29.299999237060547,29.39999961853028,29.39999961853028,5295000,0.0,0.0,0.0,0.0,0.0,0.0
2021-12-21,29.89999961853028,31.299999237060547,29.5,30.39999961853028,30.39999961853028,14082000,0.0,0.0,0.0,0.0,0.0,0.0
2021-12-22,30.350000381469727,31.5,30.299999237060547,30.799999237060547,30.799999237060547,13531000,0.0,0.0,0.0,0.0,0.0,0.0
2021-12-23,31.049999237060547,31.799999237060547,30.850000381469727,31.100000381469727,31.100000381469727,11053000,0.0,0.0,0.0,0.0,0.0,0.0
2021-12-24,31.299999237060547,31.5,29.89999961853028,29.950000762939453,29.950000762939453,7872000,0.0,0.0,0.0,0.0,0.0,0.0
2021-12-27,29.450000762939453,30.700000762939453,29.350000381469727,30.600000381469727,30.600000381469727,5307000,0.0,0.0,0.0,0.0,0.0,0.0
2021-12-28,30.600000381469727,30.850000381469727,30.0,30.0,30.0,3865000,0.0,0.0,0.0,0.0,0.0,0.0
2021-12-29,30.450000762939453,32.79999923706055,30.25,31.799999237060547,31.799999237060547,20888000,0.0,0.0,0.0,0.0,0.0,0.0
2021-12-30,31.350000381469727,31.600000381469727,30.600000381469727,31.450000762939453,31.450000762939453,6795000,0.0,0.0,0.0,0.0,0.0,0.0
2022-01-03,31.600000381469727,32.400001525878906,30.850000381469727,31.89999961853028,31.89999961853028,7587000,0.0,0.0,0.0,0.0,0.0,0.0
2022-01-04,32.29999923706055,33.5,31.799999237060547,31.799999237060547,31.799999237060547,12236000,0.0,0.0,0.0,0.0,0.0,0.0
2022-01-05,31.350000381469727,31.600000381469727,30.25,30.25,30.25,5488000,0.0,0.0,0.0,0.0,0.0,0.0
2022-01-06,29.600000381469727,30.64999961853028,29.200000762939453,30.5,30.5,3257000,0.0,0.0,0.0,0.0,0.0,0.0
2022-01-07,30.299999237060547,30.75,29.0,29.25,29.25,4291000,0.0,0.0,0.0,0.0,0.0,0.0
2022-01-10,29.0,30.25,29.0,29.700000762939453,29.700000762939453,2019000,0.0,0.0,0.0,0.0,0.0,0.0
2022-01-11,29.799999237060547,30.100000381469727,28.75,29.049999237060547,29.049999237060547,2606000,0.0,0.0,0.0,0.0,0.0,0.0
2022-01-12,29.39999961853028,29.700000762939453,28.950000762939453,29.0,29.0,2157000,0.0,0.0,0.0,0.0,0.0,0.0
2022-01-13,29.299999237060547,29.350000381469727,27.799999237060547,28.100000381469727,28.100000381469727,3066000,0.0,0.0,0.0,0.0,0.0,0.0
2022-01-14,28.0,28.64999961853028,27.25,28.549999237060547,28.549999237060547,3850000,0.0,0.0,0.0,0.0,0.0,0.0
2022-01-17,28.850000381469727,29.799999237060547,28.549999237060547,29.25,29.25,3435000,0.0,0.0,0.0,0.0,0.0,0.0
2022-01-18,29.5,29.89999961853028,28.799999237060547,28.799999237060547,28.799999237060547,2292000,0.0,0.0,0.0,0.0,0.0,0.0
2022-01-19,28.350000381469727,29.5,28.350000381469727,29.350000381469727,29.350000381469727,1525000,0.0,0.0,0.0,0.0,0.0,0.0
2022-01-20,29.39999961853028,30.299999237060547,29.0,30.299999237060547,30.299999237060547,2345000,0.0,0.0,0.0,0.0,0.0,0.0
2022-01-21,29.64999961853028,29.850000381469727,28.549999237060547,28.549999237060547,28.549999237060547,3106000,0.0,0.0,0.0,0.0,0.0,0.0
2022-01-24,28.299999237060547,28.89999961853028,27.89999961853028,28.89999961853028,28.89999961853028,1914000,0.0,0.0,0.0,0.0,0.0,0.0
2022-01-25,28.799999237060547,29.299999237060547,28.200000762939453,28.39999961853028,28.39999961853028,2497000,0.0,0.0,0.0,0.0,0.0,0.0
2022-01-26,28.200000762939453,28.700000762939453,27.799999237060547,27.799999237060547,27.799999237060547,1802000,0.0,0.0,0.0,0.0,0.0,0.0
2022-02-07,28.100000381469727,28.950000762939453,28.0,28.75,28.75,1186000,0.0,0.0,0.0,0.0,0.0,0.0
2022-02-08,28.850000381469727,29.5,28.799999237060547,29.049999237060547,29.049999237060547,1290000,0.0,0.0,0.0,0.0,0.0,0.0
2022-02-09,29.25,31.100000381469727,29.25,29.89999961853028,29.89999961853028,7762000,0.0,0.0,0.0,0.0,0.0,0.0
2022-02-10,30.39999961853028,32.0,29.64999961853028,31.700000762939453,31.700000762939453,15324000,0.0,0.0,0.0,0.0,0.0,0.0
2022-02-11,31.0,31.0,30.0,30.0,30.0,9995000,0.0,0.0,0.0,0.0,0.0,0.0
2022-02-14,29.5,29.5,28.100000381469727,28.200000762939453,28.200000762939453,4226000,0.0,0.0,0.0,0.0,0.0,0.0
2022-02-15,28.75,28.799999237060547,28.200000762939453,28.39999961853028,28.39999961853028,1936000,0.0,0.0,0.0,0.0,0.0,0.0
2022-02-16,28.850000381469727,29.25,28.549999237060547,28.549999237060547,28.549999237060547,1847000,0.0,0.0,0.0,0.0,0.0,0.0
2022-02-17,28.700000762939453,29.100000381469727,28.450000762939453,28.450000762939453,28.450000762939453,1503000,0.0,0.0,0.0,0.0,0.0,0.0
2022-02-18,28.14999961853028,28.549999237060547,28.0,28.0,28.0,2108000,0.0,0.0,0.0,0.0,0.0,0.0
2022-02-21,27.799999237060547,27.950000762939453,27.5,27.75,27.75,1438000,0.0,0.0,0.0,0.0,0.0,0.0
2022-02-22,27.75,27.75,25.14999961853028,25.64999961853028,25.64999961853028,4879000,0.0,0.0,0.0,0.0,0.0,0.0
2022-02-23,25.950000762939453,26.39999961853028,25.850000381469727,26.25,26.25,2073000,0.0,0.0,0.0,0.0,0.0,0.0
2022-02-24,25.89999961853028,26.100000381469727,24.75,24.89999961853028,24.89999961853028,2994000,0.0,0.0,0.0,0.0,0.0,0.0
2022-02-25,25.200000762939453,25.450000762939453,24.89999961853028,25.100000381469727,25.100000381469727,1547000,0.0,0.0,0.0,0.0,0.0,0.0
2022-03-01,25.350000381469727,25.850000381469727,25.100000381469727,25.75,25.75,997000,0.0,0.0,0.0,0.0,0.0,0.0
2022-03-02,25.75,25.850000381469727,25.14999961853028,25.75,25.75,1176000,0.0,0.0,0.0,0.0,0.0,0.0
2022-03-03,26.0,26.350000381469727,25.799999237060547,25.799999237060547,25.799999237060547,832000,0.0,0.0,0.0,0.0,0.0,0.0
2022-03-04,25.5,25.600000381469727,25.100000381469727,25.14999961853028,25.14999961853028,750000,0.0,0.0,0.0,0.0,0.0,0.0
2022-03-07,24.799999237060547,24.799999237060547,23.299999237060547,23.5,23.5,1904000,0.0,0.0,0.0,0.0,0.0,0.0
2022-03-08,23.100000381469727,24.25,23.049999237060547,23.25,23.25,1658000,0.0,0.0,0.0,0.0,0.0,0.0
2022-03-09,23.39999961853028,24.100000381469727,23.350000381469727,23.89999961853028,23.89999961853028,956000,0.0,0.0,0.0,0.0,0.0,0.0
2022-03-10,24.600000381469727,24.64999961853028,24.0,24.0,24.0,745000,0.0,0.0,0.0,0.0,0.0,0.0
2022-03-11,24.0,24.100000381469727,23.350000381469727,23.600000381469727,23.600000381469727,565000,0.0,0.0,0.0,0.0,0.0,0.0
2022-03-14,23.600000381469727,24.299999237060547,23.600000381469727,24.049999237060547,24.049999237060547,665000,0.0,0.0,0.0,0.0,0.0,0.0
2022-03-15,24.14999961853028,24.14999961853028,23.049999237060547,23.049999237060547,23.049999237060547,1058000,0.0,0.0,0.0,0.0,0.0,0.0
2022-03-16,23.25,23.5,22.350000381469727,22.850000381469727,22.850000381469727,1080000,0.0,0.0,0.0,0.0,0.0,0.0
2022-03-17,23.39999961853028,23.89999961853028,23.100000381469727,23.799999237060547,23.799999237060547,864000,0.0,0.0,0.0,0.0,0.0,0.0
2022-03-18,23.950000762939453,24.39999961853028,23.700000762939453,24.39999961853028,24.39999961853028,646000,0.0,0.0,0.0,0.0,0.0,0.0
2022-03-21,24.450000762939453,24.75,24.350000381469727,24.64999961853028,24.64999961853028,617000,0.0,0.0,0.0,0.0,0.0,0.0
2022-03-22,25.600000381469727,27.100000381469727,25.350000381469727,27.100000381469727,27.100000381469727,6357000,0.0,0.0,0.0,0.0,0.0,0.0
2022-03-23,28.0,28.600000381469727,27.64999961853028,27.89999961853028,27.89999961853028,11053000,0.0,0.0,0.0,0.0,0.0,0.0
2022-03-24,27.049999237060547,28.64999961853028,27.049999237060547,28.549999237060547,28.549999237060547,5106000,0.0,0.0,0.0,0.0,0.0,0.0
2022-03-25,28.299999237060547,28.39999961853028,28.049999237060547,28.100000381469727,28.100000381469727,2468000,0.0,0.0,0.0,0.0,0.0,0.0
2022-03-28,28.200000762939453,28.200000762939453,27.5,27.75,27.75,1245000,0.0,0.0,0.0,0.0,0.0,0.0
2022-03-29,28.049999237060547,28.14999961853028,27.350000381469727,27.350000381469727,27.350000381469727,1205000,0.0,0.0,0.0,0.0,0.0,0.0
2022-03-30,27.700000762939453,28.0,27.549999237060547,27.850000381469727,27.850000381469727,1356000,0.0,0.0,0.0,0.0,0.0,0.0
2022-03-31,27.850000381469727,27.89999961853028,27.200000762939453,27.200000762939453,27.200000762939453,724000,0.0,0.0,0.0,0.0,0.0,0.0
2022-04-01,27.0,27.350000381469727,26.700000762939453,27.200000762939453,27.200000762939453,756000,0.0,0.0,0.0,0.0,0.0,0.0
2022-04-06,27.200000762939453,27.700000762939453,27.14999961853028,27.299999237060547,27.299999237060547,749000,0.0,0.0,0.0,0.0,0.0,0.0
2022-04-07,27.299999237060547,27.299999237060547,26.0,26.049999237060547,26.049999237060547,1029000,0.0,0.0,0.0,0.0,0.0,0.0
2022-04-08,26.5,26.850000381469727,26.25,26.600000381469727,26.600000381469727,550000,0.0,0.0,0.0,0.0,0.0,0.0
2022-04-11,26.25,26.350000381469727,25.25,25.64999961853028,25.64999961853028,1303000,0.0,0.0,0.0,0.0,0.0,0.0
2022-04-12,25.5,25.600000381469727,25.049999237060547,25.100000381469727,25.100000381469727,677000,0.0,0.0,0.0,0.0,0.0,0.0
2022-04-13,25.14999961853028,25.600000381469727,25.14999961853028,25.39999961853028,25.39999961853028,445000,0.0,0.0,0.0,0.0,0.0,0.0
2022-04-14,25.799999237060547,25.799999237060547,25.049999237060547,25.100000381469727,25.100000381469727,586000,0.0,0.0,0.0,0.0,0.0,0.0
2022-04-15,25.049999237060547,25.049999237060547,24.5,24.5,24.5,757000,0.0,0.0,0.0,0.0,0.0,0.0
2022-04-18,24.149999618530277,24.5,24.0,24.200000762939453,24.200000762939453,532353,0.0,0.0,0.0,0.0,0.0,0.0
